gene,cluster_id,random_effect,random_se,random_p,fixed_effect,fixed_se,fixed_p,i_squared,tau_squared,cochran_q,n_datasets,direction
AKAP12,1,-2.7637279427687007,0.686679180054661,5.703025829021416e-05,-2.2642147972096036,0.15970399207324512,1.2613623903501722e-45,93.49536826636356,1.286012992978461,30.747321015234345,3,down
HSPB7,1,-2.651836044341524,1.1014626993755787,0.01605958264955592,-1.657520948450133,0.13652527632370656,6.422476663600745e-34,97.73224330151287,3.5235317179505428,88.19288247871765,3,down
KLF4,1,-2.199304282802667,0.41160726553284477,9.131459302601225e-08,-2.0241531833736297,0.18794925366406662,4.7866566072544034e-27,74.71474166544053,0.36201547973637466,7.909747148070199,3,down
MME,1,-2.602996127535424,0.8467996776579841,0.0021126468662856774,-1.6785440300647598,0.11256260505644805,2.749956519194991e-50,97.58004850256081,2.066110952074311,82.64628452745511,3,down
PID1,1,-2.3025288652215914,0.44057834354252257,1.730752142868815e-07,-2.1423728854181405,0.15488002877269455,1.6235544230515373e-43,86.16825560863926,0.4934688280189824,14.459492189930817,3,down
TNS1,1,-2.2184771179942264,0.6711329039087793,0.0009478326123753501,-1.846579088832713,0.1267378960193512,4.354912716290164e-48,94.97752128930689,1.2111468582371718,39.82097516395447,3,down
CDH1,2,2.9310786994588622,0.7693743338877836,0.00013914041724683875,2.5708483751104363,0.234462003486746,5.637358360363291e-28,85.53942370070513,1.4933167750855143,13.830707425523034,3,up
ENO2,2,0.9961879462370014,0.4531482141283154,0.027922670126357355,1.01175645072878,0.12620118133637598,1.0834808210327943e-15,92.2370374906181,0.5681760915842146,25.763360283949687,3,up
EPCAM,2,3.1401508268346934,0.7111794995780593,1.0081757117057366e-05,2.6018770384142864,0.20604539528186214,1.4857916144592435e-36,85.87865257333814,1.2682569209847367,14.162954423342727,3,up
KRT19,2,4.2225392238382655,0.7971229989780566,1.1757631278394613e-07,4.147936848347306,0.32962844599744284,2.596669918552781e-36,81.25768563935496,1.5302824563741115,10.671040734433435,3,up
MELK,2,2.2466750582493,0.28829554139794555,6.545836222466942e-15,2.216059605763486,0.1568611549513401,2.5702623246728195e-45,69.36792774218839,0.17246102812189928,6.529104473139167,3,up
PRC1,2,2.4440614499253006,0.5167849359652777,2.252298938188642e-06,2.551311204335593,0.14733571415567887,3.543523620946947e-67,91.72016850493618,0.7337434385450854,24.155080948112776,3,up
TOP2A,2,2.7766533078952036,1.0695368989787324,0.009428129016594754,2.227929107903186,0.18279378110648498,3.592223695145354e-34,96.71828228496295,3.2911248982250583,60.943693933084774,3,up
TRPS1,2,1.6288354678015846,0.6624061940472039,0.013933713428221844,1.2634103638361993,0.11491434344294929,4.067614460802094e-28,95.97576061301667,1.2572447506768838,49.69883269044904,3,up
CBX6,4,-0.013789203981591789,0.26579925046052716,0.958625692879418,-0.012294463672038502,0.07901321634484884,0.8763482530231249,91.12135061366982,0.19306112259114044,22.5259486322239,3,down
CFLAR,4,-0.013921245766981115,0.4334787318507386,0.9743802009527521,-0.20316937924319645,0.09860783381541835,0.03936244957840709,94.4298236969264,0.5309098266770278,35.9055062385801,3,down
RFC1,4,-0.34795423835318984,0.17082363235190168,0.04165796265660858,-0.3460865294536449,0.07465279057708257,3.5530357748312465e-06,61.02959586213908,0.05363051555038052,5.132099715786474,3,down
RPS23,4,-0.14198601488818544,0.10920299884410316,0.19353156529237836,-0.1698261915534782,0.04318496788421864,8.405640618453922e-05,81.11460378754767,0.028473687300030873,10.590193488666518,3,down
SIAH2,4,0.5856357485203707,0.4276499031047828,0.17086552896889562,0.2672341879069034,0.09412326728034942,0.00452276924780142,93.83974631839878,0.511877701233052,32.46619544213551,3,up
ASXL1,5,-0.06248658840479215,0.2663926191851651,0.8145457841035684,-0.26351671683995603,0.05993593711235801,1.0993964365047432e-05,93.94702120410052,0.19810975806258718,33.04158278821125,3,down
BCL2L1,5,0.3508989812065438,0.32080829708472336,0.27404425497868823,0.2667920380298209,0.06195357067969995,1.6599121682750134e-05,95.95041123887508,0.2954794959090899,49.38773090244417,3,up
LYPD3,5,0.7402199667494938,0.45145472573217327,0.10108154324323708,0.4229902528726911,0.09185350184101683,4.123606392170687e-06,94.98391914846387,0.5782032843544479,39.871765611344095,3,up
PIK3CA,5,-0.6820039276564234,0.3797802722229824,0.07252862863417728,-0.6688154426304126,0.10878663286185321,7.84877505825449e-10,88.34389810631997,0.3761208066186121,17.15839496122117,3,down
PRLR,5,1.7768202873472754,1.1774764645224929,0.13129698090137945,0.2001490691276016,0.09890417551185847,0.04300447514181288,97.69339709693612,4.040587924645602,86.7075991859453,3,up
TACC3,5,0.74478709478102,0.4876876676512955,0.1267161345328793,0.29885161051356696,0.08006983231152257,0.00018967370575518594,96.25093470207506,0.6826989618452184,53.346630188249115,3,up
FILIP1L,7,-1.182749367423181,0.45248813693113077,0.008952065980036755,-0.6910206467751885,0.10264540012406884,1.6721429264801112e-11,92.49753859157649,0.5447640936758283,26.65791786352233,3,down
SERINC1,7,-1.1058453383507783,0.2710238630721401,4.498713251095648e-05,-0.9894008800832578,0.1300863459318513,2.8331271351392795e-14,57.86440441090747,0.12859580291122943,4.746580585935118,3,down
SERPINF1,7,-1.7889692422097179,0.38069906996017433,2.612223119718594e-06,-1.544748391550174,0.15834253251217842,1.7432665014646238e-22,77.82474374198549,0.3284682247009209,9.01906150138475,3,down
TNNT3,7,-0.647764200991809,0.10981620876617987,3.6655199440127885e-09,-0.6316846793818623,0.08046657794257588,4.151295266199923e-15,29.978250510313675,0.012033602567657445,2.8562553986095205,3,down
ZFPM2,7,-1.6356482887170936,0.46301257346825525,0.0004114607124330906,-1.3551717716628486,0.13718108710189011,5.149299868636441e-23,90.03751805686807,0.5733618986298398,20.075318694843773,3,down
ABCA1,8,-1.069071573379146,0.4605638181584833,0.02027478269560707,-0.7538391300098338,0.09430793422338553,1.3128895181754413e-15,94.96962969588914,0.6014164669584008,39.758504425918396,3,down
CD248,8,-1.334698306776302,0.4819888706300624,0.0056203173709713046,-0.8580862375468385,0.10266585810558237,6.376414797190991e-17,93.52233686082938,0.6306824538242239,30.87533199906521,3,down
EGFR,8,-1.7130702597611982,0.8317484203980389,0.03943665669013158,-0.7430149211468767,0.11181416857262648,3.03037231174013e-11,96.15004663217212,1.977025770148651,51.94868116359513,3,down
IGF1,8,-2.336396251852001,0.9264559520773397,0.011673470928844305,-1.3547993267327045,0.13428489066042879,6.180020567267834e-24,96.82742507524864,2.4731815294769435,63.04027635081764,3,down
INHBB,8,-0.8825966552916698,0.27723370522871443,0.0014546414135734554,-0.9091516973258846,0.11406819035426584,1.5835703258425693e-15,82.0389034341716,0.18744109213179921,11.135177591579062,3,down
PPP2R1B,8,-1.8114702877824782,0.6698684588763282,0.006846537288301574,-0.7454205471597429,0.09252501982711964,7.856048902937345e-16,96.542849327779,1.2490410380680386,57.8511088935306,3,down
PTEN,8,-0.9827414973158911,0.09602031211015578,1.3858822176770248e-24,-0.9827414973158911,0.09602031211015578,1.3858822176770248e-24,0.0,0.0,1.5891166512887425,3,down
SGCG,8,-2.6217094314736467,0.8975170299848801,0.003488322385658649,-1.6598232831882989,0.17000700953183134,1.6186053800284827e-22,94.76279999954234,2.2502960856316836,38.1883449137941,3,down
VGLL3,8,-2.068480947614641,0.5549487583726929,0.00019351376099172355,-1.6427620264770397,0.15145756712340813,2.0754521375781615e-27,91.04194195234795,0.8250657956388998,22.326267471823417,3,down
EGR2,9,-0.7339025351768929,0.28004917278688246,0.00877699682066714,-0.61881357003099,0.14900121855509693,3.28033947701146e-05,68.39982918332895,0.16004600240713512,6.329079711635217,3,down
MYO5A,9,-0.388934377593027,0.12411069127944879,0.0017257598896482445,-0.37085222866748774,0.08791250494054095,2.4601576767762684e-05,45.99078979577184,0.021180027191681907,3.7030721101776605,3,down
PKNOX2,9,-0.29868486270639133,0.06616664011070116,6.357699578121773e-06,-0.2986673173655085,0.06035780334140372,7.487211215443193e-07,14.570254645462107,0.0019879405921577414,2.341104953198556,3,down
SMAD7,9,-0.5037713226124214,0.11055383327828991,5.193969683019829e-06,-0.5037713226124214,0.11055383327828991,5.193969683019829e-06,0.0,0.0,0.11335889381185801,3,down
SRGAP2C,9,-0.2939032287103168,0.10126721034823188,0.003704872829114837,-0.2658469650671744,0.059344733991509364,7.474589728334962e-06,58.34101660397481,0.01742244091789256,4.800885276021464,3,down
ACBD6,10,0.48656451278047025,0.0938308717782848,2.153803167441982e-07,0.48656451278047025,0.0938308717782848,2.153803167441982e-07,0.0,0.0,0.009667912975195907,2,up
IRX3,10,1.8262582376053518,0.8360895712321764,0.02894128344873878,1.507406326982537,0.2800204630974903,7.317290937985157e-08,86.11166670970796,1.2084744879018046,7.200288033834857,2,up
PLK2,10,0.6893926391072264,0.3811438142558117,0.07049035489347974,0.5276852179762865,0.1374269580992736,0.00012315945674052343,86.09343473513935,0.37167156542616714,14.38169642833112,3,up
SGSM3,10,0.41235120801198577,0.20020694419670168,0.03943441363419972,0.33548006193577523,0.0618585830222787,5.8495923523636504e-08,85.88604993640232,0.1016033470763862,14.170377470431498,3,up
TAF5L,10,0.231450437169833,0.073525013770414,0.0016443993494124622,0.24133264350762845,0.04334655628946829,2.5839643264436824e-08,57.608652086602255,0.009211407397088426,4.717943869314667,3,up
TFRC,10,0.6042138658359615,0.15442932297066153,9.132314701411874e-05,0.5962545722581292,0.10873934573752717,4.1737479383394676e-08,50.10873868792183,0.03584548650842634,4.0087180548306165,3,up
TPM4,10,0.7706804522930041,0.32880334270679834,0.019083552116386734,0.5857664151682046,0.11798808997425046,6.883456022930739e-07,85.06708173296306,0.26827727616966085,13.393229402552997,3,up
AKAP9,11,0.5275036295252633,0.1214139089234687,1.3948381853948277e-05,0.5221157034330899,0.10491239126302296,6.468315666801403e-07,24.930346134831012,0.0110616001680118,2.664192382706543,3,up
BHLHE40,11,0.9413529500338895,0.28172972493889553,0.0008337702644907409,0.8331851130749478,0.1378335691596111,1.4953653707918757e-09,73.72818713813732,0.17237842389293048,7.612721704878188,3,up
CHD1L,11,0.5581218609323886,0.10505722021263936,1.0810104244205447e-07,0.5427270975280624,0.07412576883821255,2.448378327392328e-13,46.64702434115374,0.015535219386378956,3.748619407450777,3,up
MRPS30,11,0.8419773813448156,0.22807107854502318,0.00022273177940517247,0.7551117788426277,0.1244175090055561,1.2856806510411758e-09,66.18737956901978,0.10271656195606152,5.914951206111005,3,up
MSH6,11,0.5382171019701786,0.07911653406711815,1.025767401562524e-11,0.5382171019701786,0.07911653406711815,1.025767401562524e-11,0.0,0.0,0.9719758761544818,3,up
NR2F6,11,0.6438932839751794,0.21606891856205437,0.0028821395142410978,0.502593065451881,0.09716051749383313,2.305973233792136e-07,70.27354920824959,0.09337694395709842,6.72801477045162,3,up
RPN1,11,0.4142173757439093,0.07783240207378504,1.026809305379311e-07,0.4046817228072523,0.06754136803562538,2.0777018171353104e-09,13.241051678704812,0.002990873942152347,2.3052377174898226,3,up
TASOR2,11,0.7863372837602344,0.1931861156826386,4.6940286991304325e-05,0.7075174097150626,0.1038326384594575,9.491018876479015e-12,66.9561358533626,0.07277824659832668,6.052560896403284,3,up
TGIF1,11,0.8003250044842429,0.15900041816640503,4.816617335602319e-07,0.7366106243994032,0.10342645098220885,1.0631653506376851e-12,46.60937633209804,0.03611604656129775,3.7459760958034747,3,up
ZNF217,11,0.8059320608599639,0.2199504820151802,0.00024815911407564435,0.7706050318734087,0.10385819236720067,1.1731424101526757e-13,77.22509996689297,0.1117669880535587,8.781597271964632,3,up
ANKRD35,12,-1.8606986230744864,0.6620269800726319,0.004944792148301234,-1.4868028938057813,0.10865542312715386,1.2714483734485628e-42,95.87870558956226,0.8409291581798191,24.264221392855703,2,down
CCNG1,12,-0.6947445888881635,0.35072006787699234,0.04760146363305736,-0.6628509024320596,0.07549396900585305,1.6320813368764958e-18,95.13738962948412,0.35055010916975915,41.1301718132069,3,down
CDKN2B,12,-1.792086777274907,0.8707656210657341,0.03958449724092817,-0.8095729108960368,0.13137667540286221,7.172887448996715e-10,96.11185216954074,2.1196752325467907,51.43837341605824,3,down
EBF1,12,-3.9279263419238784,0.5942523767787092,3.846778445008278e-11,-3.6613963534164036,0.21668699357543703,4.720464349583527e-64,81.15058034491994,0.5793641610902407,5.305203121892894,2,down
JAZF1,12,-1.5418178640049365,0.6205000344049745,0.012962460158545163,-1.3548517751160898,0.1392469584171703,2.2492824932410833e-22,94.39461668889142,0.7271095710960633,17.839993172603037,2,down
LIFR,12,-1.6228225695797547,0.9042406693077927,0.07270471204010101,-1.046237359765153,0.10860073888500175,5.756284626278289e-22,98.17299518234476,2.3895711097095,109.46878632574055,3,down
PPP2R3C,12,-0.8345734472695201,0.5033134495875884,0.09728548967954684,-0.6703681183874435,0.09567730984373202,2.442614956800506e-12,95.92001825165107,0.7271336838102359,49.019827130583515,3,down
TIMP3,12,-1.0474878572815332,0.11782806179771863,6.112577109071297e-19,-1.0474878572815332,0.11782806179771863,6.112577109071297e-19,0.0,0.0,0.5427690815657761,3,down
VEGFC,12,-0.9145861985378335,0.43158505621041515,0.03407921609844469,-0.5323972627407754,0.08927091339435372,2.4638106728600922e-09,94.1863220902155,0.5107779750790079,34.4016306206777,3,down
NCOA4,13,-0.5485810761331564,0.23085670938336422,0.01748800283847813,-0.49351112720411594,0.06404289543185786,1.298770142770795e-14,91.01259521090243,0.14425115356468243,22.253365091846746,3,down
PHLDA3,13,-0.8265348537785725,0.275670332790904,0.0027151453845300163,-0.7994597743822526,0.09965482195893274,1.0379265451709581e-15,86.56514635808125,0.19683891793697988,14.886652681944394,3,down
PNPLA2,13,-0.653010252297141,0.2752367703905168,0.017666249272524904,-0.6522709172444076,0.08876432547524922,2.0067548513630066e-13,89.42716259793275,0.20297160737304262,18.91639797287482,3,down
PSIP1,13,-0.548814401654583,0.3076759479871325,0.07446565572174553,-0.49033654283169775,0.09200030694398274,9.836037399865769e-08,89.44941462119435,0.2461408551628781,18.95629415992088,3,down
STRADB,13,-1.3138627462913972,0.5227981867898178,0.011966332257512232,-1.0140589660975698,0.12100749621664864,5.2867729153932534e-17,91.18170380621773,0.4999650001949568,11.340059100136536,2,down
FEN1,14,0.8434749032759465,0.4790713911042509,0.07829841737363702,0.6331376875273024,0.09688026651992145,6.349932058055766e-11,95.46408964055257,0.6522022373337882,44.092582117157306,3,up
MRTFA,14,0.07062040148812274,0.3016577635116926,0.8149013778469368,0.1593493558990957,0.05891338388142191,0.006834400518947844,95.84935744856871,0.26031673990490284,48.18531047223835,3,up
PAK4,14,0.6231007585203768,0.38161365318228163,0.1025099724119707,0.5258760951761566,0.06809298628752447,1.1370227558946954e-14,96.59263749277696,0.4210019680725913,58.696425630097536,3,up
AURKA,15,1.8909261828454855,1.0481305593198624,0.07121655279796833,0.727677906308397,0.10371313485953887,2.278923149649274e-12,98.58202870418718,3.222327592783329,141.04657872171754,3,up
BIRC5,15,1.4953679610418533,0.92383172863896,0.10552078843003013,0.8488624289349498,0.13084699756282778,8.730539427360246e-11,97.55352647147811,2.489009003228256,81.75032252273544,3,up
GPR68,15,0.5107498609846565,0.4149086945721618,0.2183253360386761,0.5877087113006167,0.07451589988982664,3.0947722774356116e-15,96.29485745673051,0.4949866444392503,53.9790298657487,3,up
PLCG1,15,0.08080577751109719,0.4083131425170235,0.8431221417929798,-0.042473069757002005,0.04812001757189482,0.3774261208108902,98.16617764039741,0.4886779668662008,109.06181776698408,3,up
PTCH1,15,-0.7956459520740036,0.5489187728944165,0.14720400409544626,-0.6319289504941844,0.09528085237365287,3.305488080957333e-11,96.52785234183955,0.8657401954313134,57.6012369548708,3,down
CD34,16,-1.1716944915703194,0.5489134407197627,0.032796101216426225,-0.9414923397665175,0.10019600392697728,5.640511033606291e-21,96.12519659740992,0.8606778345987731,51.61552192978665,3,down
FGFR1,16,-0.8361834452544804,0.36687988572085223,0.022656667545356477,-0.7893799423586648,0.06973052976977272,1.0395458589407467e-29,95.60222249154907,0.3760542525986946,45.477516681021896,3,down
MITF,16,-1.1391993717018434,0.3970317981513921,0.004113944029034542,-0.7627701717642842,0.0799499211101829,1.4200908819680856e-21,94.1994262110804,0.43784190344553375,34.47934760903217,3,down
PTPN11,16,-0.7711096800963497,0.1967084794205554,8.852573382266786e-05,-0.7768253843619388,0.06607312786486257,6.496096746922858e-32,80.04425740381187,0.09023188218636372,10.022177778450764,3,down
TCF7L2,16,-0.8854218638813458,0.3855795625048014,0.021656435169440155,-0.7438945228620634,0.0904500889438254,1.9622808776192158e-16,93.38390334350504,0.4092626989731008,30.22930443491358,3,down
TTC28,16,-0.9997317117382303,0.4269340408553557,0.019198514927450953,-0.9936875974987194,0.08513265024700574,1.767357956017852e-31,95.0567725545699,0.5016120013849193,40.45939666095994,3,down
TXNIP,16,-1.2546763217955037,0.3056214814717936,4.037421902499318e-05,-1.0879811871037723,0.09018559527049758,1.6403144664230952e-33,89.29446472086934,0.24307109005960356,18.68192433029288,3,down
UTRN,16,-1.096766385655326,0.406783281780916,0.0070136938984413765,-1.0877222844819514,0.08395446023235059,2.1700624010785702e-38,95.0617733269,0.46764250486219366,40.50036850059142,3,down
CACNA2D1,17,-1.9251957178342602,0.8288404202815292,0.0201921564576428,-0.9160931297719137,0.11601063874447337,2.865445885274396e-15,96.70388817521676,1.9422365295786208,60.67755301753212,3,down
CAVIN1,17,-1.7618109750814153,0.13840274928472338,4.049330327752768e-37,-1.7618109750814153,0.13840274928472338,4.049330327752768e-37,0.0,0.0,0.5956856786466171,3,down
HLF,17,-1.7689250496422648,0.7042757832261778,0.012015332523679244,-1.6013901202070882,0.12760501285928336,3.9959225802877575e-36,96.13530389395373,1.407034710643031,51.75051142756165,3,down
ITGA1,17,-1.4892319765645599,0.2517023082960913,3.2858454974644937e-09,-1.5469261311877474,0.1334322223978571,4.453786153171059e-31,58.929321692840254,0.1090173119844562,4.869654172844146,3,down
TGFBR2,17,-1.6960156007316403,0.5396808728013412,0.0016743914521384117,-1.294400165369137,0.12194921460958635,2.5582467275290187e-26,93.74057156895351,0.8033719908807613,31.95179914638994,3,down
TYRO3,17,-1.6165320714997513,0.5254933756680226,0.0020964465285687258,-1.1720076958080012,0.102998579868736,5.328422464145576e-30,95.34321509200743,0.7692368002032325,42.94808627659279,3,down
BANP,18,0.42212913997003754,0.14487990669027548,0.0035723175119235784,0.3421858174623171,0.0675618374706262,4.088730793576081e-07,65.56104238330053,0.040746099917684256,5.807376698968958,3,up
DUSP4,18,0.7795683804618971,0.21772611623278468,0.00034293721506401084,0.774857156228146,0.18133032992900605,1.9270468751169123e-05,28.278702161256064,0.040868712946430796,2.788571958774005,3,up
ESR1,18,0.9086295877692714,0.3873014941917049,0.018973441429982724,0.6519759557096593,0.16255812685925025,6.053256356957173e-05,66.3845493292852,0.2964211217535248,5.949645059324953,3,up
RNF115,18,0.38259303745168116,0.15021497545086349,0.010866277134306344,0.3721784609407159,0.08647815372100029,1.6794775601408018e-05,66.73218645088407,0.04515569819208377,6.011816788161447,3,up
TENT5C,18,0.735801409784247,0.3837851835942055,0.05520973013455993,0.34014968364204423,0.10838318498174535,0.0016987344380561115,85.0045128696995,0.36522133193159345,13.33734598030308,3,up
BCAR1,19,0.2962959552864033,0.14806942373085438,0.04538581207127063,0.21532230824972723,0.051288002373625526,2.6892881068124074e-05,77.0506105164801,0.03468236810188637,4.3574143909933065,2,up
CHD1,19,0.42337622431932714,0.11326948687599825,0.00018565357744464083,0.4231721295580452,0.09784684930630681,1.5264146522821394e-05,17.809161230082307,0.007592163052924918,2.4333612236258273,3,up
TRAP1,19,0.2842541719220283,0.12127704533712437,0.019086280423265902,0.2504004381793356,0.06501746626256422,0.00011750227562507242,68.71747937909848,0.029882527570147862,6.393346700660986,3,up
BCKDHB,20,-0.632753638313997,0.23351270682524589,0.006734038911494917,-0.5056994035668726,0.07545732405946826,2.058768478202584e-11,82.97951989258775,0.12855761747131864,11.750549851581566,3,down
CPXM2,20,-1.1538584719803273,0.16372406784603905,1.8205611490925662e-12,-1.1538584719803273,0.16372406784603905,1.8205611490925662e-12,0.0,0.0,0.6594585651336626,2,down
CYBRD1,20,-0.9451549570025691,0.4798131137091997,0.048856736206648196,-0.4491829535185565,0.09795500186565499,4.526735480187054e-06,92.59233944051698,0.5909806893115831,26.999077292218427,3,down
FAT4,20,-0.9576103465601882,0.46933274835673,0.04131393569313626,-0.6924194796675731,0.11476572896832066,1.6061525762902108e-09,93.30631770001744,0.6122693566617481,29.878920306767622,3,down
MARCO,20,-0.8968140794690117,0.4327192610599454,0.03821810190263292,-0.612666286520688,0.1255202730261462,1.0554142162199478e-06,89.28541706501247,0.4761269130723988,18.66614885651941,3,down
POGLUT3,20,-0.817521131768364,0.1700186651411415,1.5212796626750447e-06,-0.7752170388358663,0.11488193174505504,1.4995302746804744e-11,30.771432678674593,0.023364445650792168,1.4444903869792443,2,down
FAT1,21,-0.672836452728072,0.26184336730968416,0.010181180841004221,-0.7044744846324683,0.1218279530004352,7.3582957170943396e-09,72.53204240975357,0.14031174176385497,7.281211183718217,3,down
SYNE1,21,-0.6050260764133568,0.2977767177164531,0.04217277079405564,-0.580357939762904,0.10399786720021059,2.398567696546397e-08,87.76307778839093,0.23339935604443168,16.343979028506176,3,down
TAB2,21,-0.40772633371515643,0.16421092882564334,0.0130302030651494,-0.40089312938464283,0.06193212198495017,9.60091751408728e-11,85.71604464547792,0.06931337595837792,14.001723964831845,3,down
TBX5,21,-0.639020698893569,0.3103705989181028,0.039504228831303834,-0.5892331282982214,0.09268191766321629,2.0495086111301603e-10,90.41994615582827,0.2602259794162892,20.87670938526876,3,down
BCL2,22,-0.769986289684871,0.16465969960392574,2.921997942167017e-06,-0.7120478072088764,0.11826899045387375,1.7379419286619649e-09,35.04184977960695,0.030279173631629387,3.0789054078884734,3,down
CEBPB,22,-0.8073466141634941,0.11882683635161116,1.0883054280268596e-11,-0.8073466141634941,0.11882683635161116,1.0883054280268596e-11,0.0,0.0,0.13342029173938624,3,down
IL6,22,-1.104126563751792,0.41198969335785923,0.0073625264257142255,-0.8258950803622557,0.16008237928687954,2.4802324754364406e-07,80.4677060520685,0.40463801857960047,10.239452699880152,3,down
MN1,22,-0.768658508597842,0.15338436129524619,5.405721769034955e-07,-0.7478330361441518,0.12720138159505215,4.124366528068813e-09,28.643857331344076,0.020566953095412847,2.802842089274712,3,down
PIK3R1,22,-0.49938601417820117,0.10780699934673862,3.6176095511648867e-06,-0.49938601417820117,0.10780699934673862,3.6176095511648867e-06,0.0,0.0,0.9115102866217002,3,down
SGCE,22,-1.2441413414370366,0.43028312120419426,0.0038347084447345435,-0.8801501592036199,0.13496147834827615,6.961158012909147e-11,86.39486197267998,0.466359133919104,14.700328625728508,3,down
CDK20,23,0.23815522401473357,0.22223880207887353,0.2838913956305582,0.23643420605207954,0.052468918133732806,6.600618921406527e-06,92.87212840391143,0.13662853998998445,28.05886684459223,3,up
GRHL2,23,1.3669348629327014,0.9842937748554739,0.1649097474646588,0.47064602283011997,0.10332001504767521,5.232927652930538e-06,98.42717259743995,2.854618162794639,127.15953427214293,3,up
MDM2,23,0.4867098544674151,0.3761810215228643,0.19572822246290522,0.5797876274334681,0.07354990926804145,3.1983257869671967e-15,96.0352494202968,0.4072130428565653,50.44453515534179,3,up
TCF25,23,-0.006490616504427001,0.2369956611859822,0.978151011895889,-0.1945835900747124,0.06310144607863077,0.002044691146098264,91.80072348683841,0.1514036458075572,24.392396046036154,3,down
ANKRD30A,24,2.597081331057977,0.6506269402491461,6.561248298986752e-05,2.609020942833879,0.41219964808257675,2.459442482882755e-10,59.830732013899166,0.5066223142162947,2.4894653304262726,2,up
EIF2B5,24,0.4734613427346718,0.2691841440457949,0.07859869095321527,0.3591061594554567,0.054000327338754886,2.929461892245836e-11,93.43091507590039,0.20113611993917213,30.445640802461234,3,up
KRAS,24,0.5597832209469064,0.24637478925301887,0.02308168135758128,0.44848980976823416,0.06073681734627998,1.5342963691956165e-13,92.01692929050849,0.16359776527202827,25.05301622372066,3,up
LRATD2,24,1.677202648644499,1.0461421481615345,0.10888469189754267,1.4294965688482553,0.17686098156949792,6.340031389480953e-16,96.96079029971533,2.122420656016465,32.90329061223819,2,up
MUC1,24,2.123627873701579,1.0748312483642841,0.048179932564300185,0.6721630997908955,0.13398055225554512,5.251990241483185e-07,97.19667496549918,3.3117697472273244,71.34384972794052,3,up
PHLDB3,24,1.226649036757225,0.2737397041080069,7.426687052950449e-06,1.1964119998754759,0.12595396665236877,2.1231537585184165e-21,78.42046873250032,0.11763487049347474,4.6340209507055965,2,up
PTPRK,24,0.7666798796169779,0.366702465921804,0.036551287701464784,0.7404377702011141,0.09699306143894015,2.2771216790203104e-14,90.44062288458818,0.3609203122605472,20.921865262283244,3,up
SLC25A15,24,0.7078611987538006,0.3369186319949511,0.03564222914964961,0.7220010875717553,0.09063552714508269,1.6391519729495541e-15,92.75452086231813,0.3158465127450411,27.603419483999577,3,up
BARD1,25,1.2051204501565587,0.5777214233635531,0.03697963266362126,0.7154436640207756,0.08967798368609002,1.4882134859343012e-15,97.06329778649577,0.9618221750419333,68.10360242870831,3,up
CTPS1,25,0.9739820539008618,0.5075469082880746,0.054984449321855776,0.6774673154803088,0.08565847364094716,2.595997328360837e-15,96.86494916452364,0.745774976663265,63.79481880701648,3,up
DNAJC1,25,0.9056708546982615,0.39710924362461564,0.0225686205222794,0.8437959295488792,0.07817021556038795,3.6608097721074686e-27,96.07170612861658,0.45422791894339876,50.91268793736312,3,up
RALY,25,0.4964687981885146,0.2689835373448795,0.0649325996804859,0.5906813767366439,0.061635253902022846,9.381199314007292e-22,94.29191138689252,0.20306801869297,35.03799845376267,3,up
ARRDC3,26,-1.0398176541138926,0.16970691334103466,8.94739430954848e-10,-1.0398176541138926,0.16970691334103466,8.94739430954848e-10,0.0,0.0,0.5026839915675332,2,down
ELOVL5,26,-0.6779299508220308,0.28487130759982027,0.017323156582867743,-0.4728952423148734,0.10809369982998,1.2150817685332513e-05,82.56421083721158,0.19182472408272314,11.470659465580217,3,down
ERCC8,26,-0.7237181954966146,0.34575901429773287,0.03633764686286338,-0.5755368356929256,0.11939096372658173,1.4312254470884277e-06,84.02784192020813,0.20224266616808426,6.260894708181045,2,down
MAP1LC3B,26,-0.5585487652569276,0.24177668258426588,0.020877937066537188,-0.47944616439410737,0.08345190333689848,9.182352476637561e-09,85.12247707060754,0.14706356624662964,13.443098084888476,3,down
CASP3,28,0.48919471510586804,0.08554296249899666,1.0734082432187095e-08,0.5064336222849332,0.06943715974742422,3.0220833669434106e-13,28.694858187191407,0.006535777661695169,2.804846816307346,3,up
ERBB2,28,1.6166733355849296,0.6021976713565428,0.00726117981605053,1.2454001527759997,0.1540766890112694,6.31984258136543e-16,92.82151383015854,0.9995018791527143,27.861027418322212,3,up
NREP,28,0.9163732990697425,0.2440085977194322,0.000172998562903625,0.8556692778993237,0.10088235024368902,2.2163523421188008e-17,81.77933776167275,0.1445238450265301,10.976549446117229,3,up
TEFM,28,0.882345551288534,0.42797851680464344,0.03924025928162816,0.6268220332913192,0.08518406763691222,1.8606886860493962e-13,94.3175839378466,0.5146548959281548,35.19629640146563,3,up
TOP1,28,0.5354612394247165,0.05824592794105787,3.816434020752023e-20,0.5354612394247165,0.05824592794105787,3.816434020752023e-20,0.0,0.0,1.3770944200677562,3,up
ALCAM,29,1.4753222339213712,0.21267791959487076,4.008403440439988e-12,1.4155381786475858,0.15017783201602813,4.270567342200524e-21,40.7764881445481,0.05565953468986412,3.3770371552457794,3,up
HSPA4,29,0.5557824201176771,0.13353223411112372,3.152523972627046e-05,0.564410942067734,0.08105721049698011,3.3282221315004378e-12,62.58419251916302,0.03341902361104783,5.345334324334246,3,up
IRX5,29,1.5787743657992053,0.7044333977920817,0.025013285119604267,0.9701942537624075,0.14247422198611273,9.786192853359176e-12,94.29276032810998,1.39275648577002,35.04321029044283,3,up
SOX4,29,1.3020081472820393,0.4681675006879144,0.00541794985231853,0.9048850561438139,0.10883279353325556,9.217707026244951e-17,93.40655140489032,0.6035320674044112,30.333140103395806,3,up
TDG,29,0.8203137138852501,0.17188454091609515,1.8198075354440893e-06,0.7816863924182714,0.08343639274400358,7.34658819088874e-21,75.33359921958768,0.06640367706691445,8.108195507745933,3,up
TOX3,29,2.2697370789053997,0.695060898932064,0.001092622833126886,1.8282948457616273,0.20542972749408103,5.5919549800279655e-19,89.65736158151503,1.2895070145395722,19.33742551054944,3,up
