hgnc_symbol,ensembl_id,tier,cluster_id,n_datasets_nominal,n_datasets_stringent,n_datasets_fdr_q10,n_datasets_fdr_q05,best_threshold_survived,average_log2fc,direction,GSE33000_log2fc,GSE33000_pvalue,GSE5281_log2fc,GSE5281_pvalue,GSE132903_log2fc,GSE132903_pvalue,GSE63060_log2fc,GSE63060_pvalue,n_brain_datasets_concordant,n_brain_datasets_discordant,n_brain_datasets_nonsig,blood_concordant,eliminated,elimination_reason
ADARB2,ENSG00000185736,3,4,3,2,3,3,4,0.2848471006097111,up,0.1782444289504294,4.440892098500626e-16,0.4832477830398449,0.0201232031377962,0.4795993743439943,3.4637626100675334e-11,-0.0017031838954242,0.889549524577429,2.0,0.0,1.0,True,False,
AHNAK,ENSG00000124942,3,4,3,3,3,3,4,0.5518677557054591,up,0.0278064965524511,2.1604025235433253e-07,1.356695069080602,6.845279898470835e-11,0.8067918315399751,6.661338147750939e-16,0.0161776256488082,0.7007830411246856,3.0,0.0,0.0,True,False,
ANTXR1,ENSG00000169604,3,4,3,3,3,3,4,0.2407151064442767,up,0.0099831246128518,0.0033242784044591,0.4117764986790098,0.0041832989862791,0.5461736864233107,4.5079273647274925e-11,-0.0050728839380651,0.7312717658387795,3.0,0.0,0.0,False,False,
ARMH3,ENSG00000120029,3,4,3,3,3,3,4,0.0561254384810729,up,0.0629476316679432,7.460476680876127e-12,0.0014472526180284,0.9882068824088156,0.1042183832245937,0.0022068857978334,0.0558884864137265,0.0092589288632027,3.0,0.0,0.0,True,False,
CHST12,ENSG00000136213,3,4,3,3,3,3,4,0.2713389233341643,up,0.0905297913188489,0.0,0.5077079962055748,0.0036760563923436,0.4601282174731729,2.5934809855243657e-13,0.0269896883390607,0.4293300408660196,2.0,0.0,1.0,True,False,
CLASRP,ENSG00000104859,3,4,3,3,3,3,4,0.1574116469358759,up,0.0895804805865276,3.46042527965551e-10,0.3639435152527852,0.0088988391579001,0.1678555424844301,3.093825149780294e-05,0.0082670494197607,0.6113151895344111,2.0,0.0,1.0,True,False,
CYYR1,ENSG00000166265,3,4,3,2,3,3,4,0.507999998412659,up,0.1334755659224984,0.0,1.2335921139916834,2.999532178193931e-09,0.1569323153237949,0.0243005504514584,,,3.0,0.0,0.0,,False,
ECHDC3,ENSG00000134463,3,4,3,2,3,3,4,0.1604687347063336,up,0.212288710616992,0.0,0.1942401500357418,0.423649786817061,0.0943892402373229,0.0159571096683102,0.1409568379352777,0.0007514582445751,1.0,0.0,2.0,True,False,
GALNT15,ENSG00000131386,3,4,3,3,3,3,4,0.2666036801968486,up,0.2411758362631374,0.0,0.4760945166912602,0.0009438501095102,0.3348471809721216,3.629997675025365e-05,0.0142971868608752,0.0669139833282508,2.0,0.0,0.0,,False,
LILRA5,ENSG00000187116,3,4,3,3,3,3,4,0.1130007337895302,up,0.0482701449133716,5.814593251329825e-11,0.1043301654159298,0.6354218795232192,0.0858980970847893,0.0002985456497026,0.2135045277440301,1.0649505179927132e-06,1.0,0.0,1.0,True,False,
NCKAP5,ENSG00000176771,3,4,3,3,3,3,4,0.210087327332977,up,0.1017261511987035,5.08926234488172e-13,0.5691799186256823,0.0028523522894401,0.1668098901217138,2.281201586074033e-06,0.0026333493858086,0.8088989827434521,2.0,0.0,0.0,False,False,
OSBP2,ENSG00000184792,3,4,3,3,3,3,4,0.3559232370091096,up,0.0252094620800996,4.55606574689682e-09,1.0083566074138632,3.2004282758624214e-05,0.2022066805670102,6.315878748619497e-05,0.1879201979754654,0.0526217978352532,2.0,0.0,1.0,False,False,
PILRA,ENSG00000085514,3,4,3,3,3,3,4,0.1299872019532695,up,0.1067041392044729,0.0,0.083396352226706,0.6057013295458631,0.1805351871467513,8.896652303747032e-09,0.1493131292351481,0.0019037577721805,1.0,0.0,1.0,True,False,
RBMS3,ENSG00000144642,3,4,3,2,3,3,4,0.2666471929399434,up,0.0505302455509636,9.547918011776346e-14,0.9823046252501212,1.7473333890904992e-09,0.0299476329165813,0.017963626628672,0.0038062680421075,0.6452371706481561,1.0,0.0,1.0,False,False,
SMARCC1,ENSG00000173473,3,4,3,3,3,3,4,0.2742100743210779,up,0.1182729696564964,0.0,0.6468735714302687,7.83361939760141e-08,0.3656395127777205,1.6399326341343112e-11,-0.0339457565801737,0.162809922250056,3.0,0.0,0.0,True,False,
SNX18,ENSG00000178996,3,4,3,3,3,3,4,0.1719231876402439,up,0.0790452994980028,2.4646951146678475e-12,0.5568592745714085,4.99794115600416e-05,0.0502526249522414,4.5658983390595154e-05,0.0015355515393231,0.8532544026190487,2.0,0.0,0.0,False,False,
TENT5A,ENSG00000112773,3,4,3,3,4,3,4,0.2849204094154246,up,0.200400509007935,0.0,0.437788654712679,0.0557606406355808,0.3177960811224505,6.068136002568281e-06,0.1836963928186339,1.2833751616980749e-06,3.0,0.0,0.0,True,False,
TRPS1,ENSG00000104447,3,4,3,3,3,3,4,0.2364089356483688,up,0.1587533424501253,0.0,0.6166947653790302,7.330797191507088e-08,0.1802118737289086,5.186824303393678e-10,-0.010024238964589,0.5502080525058723,3.0,0.0,0.0,True,False,
VTI1A,ENSG00000151532,3,4,3,3,3,3,4,0.3448030089394576,up,0.0894437310293281,0.0,1.246419117149248,1.1350920203767598e-12,0.0473704904203682,0.0007623828590819,-0.0040213028411137,0.7489955876944381,1.0,0.0,1.0,True,False,
YAP1,ENSG00000137693,3,4,3,3,3,3,4,0.6901545157077417,up,0.1848687108626628,0.0,1.5774052268856398,5.773159728050814e-15,0.3081896093749225,0.0001229319346485,,,3.0,0.0,0.0,,False,
ZNF462,ENSG00000148143,3,4,3,3,3,3,4,0.3580236172192382,up,0.0700034627065728,1.7763568394002505e-15,0.8387392157774212,2.1661864257893626e-07,0.5212216375539658,2.0516921495072893e-11,0.0021301528389932,0.783401737833544,3.0,0.0,0.0,False,False,
ZNF652,ENSG00000198740,3,4,3,3,3,3,4,0.2622562374206955,up,0.1515404568255619,0.0,0.3552194328745788,0.0006576510606199,0.5367693887481586,3.241851231905457e-14,0.0054956712344829,0.9097951100233104,2.0,0.0,0.0,True,False,
ATP6V0E2,ENSG00000171130,3,6,3,3,3,3,4,-0.2255603792351504,down,-0.1438516248837066,0.0,-0.6208432034692422,3.0739249408107128e-06,-0.1595651798474673,0.0001250754836203,0.0220184912598142,0.5928067081799528,2.0,0.0,0.0,True,False,
CYRIA,ENSG00000197872,3,6,3,3,3,3,4,-0.1880817759828647,down,-0.1240387337549825,0.0,-0.5155728918946618,0.0006954428157641,-0.1327024069095328,4.609837707536535e-05,0.0199869286277181,0.3382529793066129,2.0,0.0,1.0,False,False,
FSTL5,ENSG00000168843,3,6,3,2,3,2,4,-0.2864762030655512,down,-0.1895378219385329,0.0,-0.4198957317403398,0.0454783354033614,-0.5288428229654958,1.1251541476298145e-07,-0.0076284356178364,0.2386326035994161,2.0,0.0,1.0,,False,
IMMP2L,ENSG00000184903,3,6,3,3,3,3,4,-0.1788544403700432,down,-0.0929723102115862,0.0,-0.5149358378488822,0.0072689294400467,-0.0928059450915217,0.0005627090910418,-0.0147036683281829,0.1519095862654853,2.0,0.0,1.0,True,False,
KLHL29,ENSG00000119771,3,6,3,2,3,3,4,-0.2083308457522984,down,-0.0875236508774255,2.1760371282653068e-14,-0.3791982922248298,0.0075316659881912,-0.15827059415464,0.0143689316389727,,,1.0,0.0,1.0,True,False,
LINGO1,ENSG00000169783,3,6,3,2,3,3,4,-0.2443590894384029,down,-0.201392460182932,0.0,-0.3190562052958654,0.018808179343535,-0.4488260088071758,7.0417902620079076e-09,-0.0081616834676383,0.3046477452501368,3.0,0.0,0.0,True,False,
MTMR2,ENSG00000087053,3,6,3,3,3,3,4,-0.1532202419399847,down,-0.044993720389663,0.0,-0.4066282888579628,0.00852543008904,-0.1695870587109214,6.856669276800177e-08,0.0083281001986081,0.4315329865049198,2.0,0.0,0.0,True,False,
MYO16,ENSG00000041515,3,6,3,3,3,3,4,-0.2417694851185627,down,-0.1616605747788576,0.0,-0.6686732618069264,4.9589485214163176e-05,-0.1344252744982128,0.0003312856634423,-0.002318829390254,0.7732486226151178,2.0,0.0,0.0,,False,
RAD23B,ENSG00000119318,3,6,3,3,3,3,4,-0.2846474970327473,down,-0.0503308138891247,7.427569670426237e-11,-0.6845975940826712,3.898172688865387e-06,-0.3808259665690077,5.481929576944822e-09,-0.0228356135901854,0.1883400790330878,3.0,0.0,0.0,False,False,
RBM34,ENSG00000188739,3,6,3,3,3,3,4,-0.054905935275138,down,-0.0196878275254551,0.000198996336389,0.0621808950512385,0.8038431565693862,-0.0989095584447703,0.0026262907085308,-0.1632072501815651,3.736846387880632e-10,0.0,0.0,3.0,True,False,
TENM2,ENSG00000145934,3,6,3,3,3,3,4,-0.2136258215223036,down,-0.04469437375797,0.0,-0.6592069758067112,4.828597685913039e-06,-0.1386069202533137,0.0073908205476866,-0.0119950162712196,0.1461901323265027,2.0,0.0,0.0,,False,
TUSC1,ENSG00000198680,3,6,3,3,3,3,4,-0.2166789580697994,down,-0.0434214374028929,1.1179945857975326e-12,-0.3925414911683802,0.0017603683368596,-0.2140739456381251,1.3991386293987773e-07,,,2.0,0.0,0.0,,False,
WDR70,ENSG00000082068,3,6,3,3,3,3,4,-0.3020515024159075,down,-0.0282389259062588,2.8362293624795143e-08,-1.047597265277938,3.483879851273741e-13,-0.1034078051770457,0.0019874269451225,-0.0289620133023875,0.0714624270226587,2.0,0.0,1.0,True,False,
COX7C,ENSG00000127184,1,8,4,3,4,4,4,-0.4085461129326332,down,-0.060962237150475,0.0,-0.6398205126603198,2.793729749317464e-06,-0.1412733996890391,0.010854016478746,-0.7921283022306991,1.4181476881702793e-08,2.0,0.0,1.0,True,False,
ATP5PO,ENSG00000241837,2,8,3,3,3,3,4,-0.3316163178590322,down,-0.0728569058211222,0.0,-0.053738937164919,0.6380862763407844,-0.5260576933195829,1.5995684776726191e-09,-0.6738117351305046,0.0,3.0,0.0,0.0,True,False,
COX6B1,ENSG00000126267,2,8,3,3,3,3,4,-0.3713292424121129,down,-0.1075433261182453,0.0,-0.9738180861850374,4.2828629531754814e-10,-0.3622853742072376,2.0872192862952943e-14,-0.0416701831379313,0.1556554852166161,3.0,0.0,0.0,True,False,
NDUFA13,ENSG00000186010,2,8,3,3,4,3,4,-0.3085503356729407,down,-0.0889867028475007,0.0,-1.1225374876833278,4.689670873858631e-11,0.0966776635470232,0.068258951410685,-0.1193548157079575,0.0006005937912578,3.0,0.0,0.0,True,False,
NDUFS3,ENSG00000213619,2,8,4,4,4,4,4,-0.3779452776840472,down,-0.1237730830751446,0.0,-1.0915818501204484,1.892024314997797e-10,-0.138362584597095,7.921903317775758e-07,-0.1580635929435008,4.394042631972184e-07,3.0,0.0,0.0,True,False,
NDUFV1,ENSG00000167792,2,8,4,3,3,3,4,-0.4190910186648499,down,-0.1739081097629957,0.0,-1.1563405254231274,8.126832540256147e-14,-0.4120865543318963,1.879721711617321e-09,0.0659711148586197,0.0348483433417015,3.0,0.0,0.0,False,False,
CYCS,ENSG00000172115,3,8,3,3,3,3,4,-0.2502077225483499,down,-0.1381613106436203,0.0,-0.6967287755626757,1.8523467981701458e-07,-0.1889531228215872,0.0002466171147665,0.0230123188344837,0.1249277251368627,3.0,0.0,0.0,True,False,
CLNK,ENSG00000109684,1,10,2,2,2,2,4,-0.0426645205015264,up,0.0766414122291987,4.433617917243282e-09,-0.0470677268035992,0.7907664815060471,-0.1776441389234166,8.992243896166485e-07,-0.0225876285082886,0.058402140163936,1.0,0.0,1.0,True,False,
SORT1,ENSG00000134243,1,10,2,2,2,2,4,-0.1103683789103891,up,0.1089725154102473,0.0,-0.5681116010604121,0.0010732988772386,-0.0471241553966965,0.411073234632056,0.0647897254053049,0.0851234156978579,2.0,0.0,1.0,True,False,
LAPTM5,ENSG00000162511,2,10,3,3,3,3,4,0.1063294129324438,up,0.2911107246075467,0.0,-0.1107079648857709,0.5459402909278372,0.3466765336432775,2.9254917821575084e-08,-0.101761641635278,0.0004131783441478,3.0,0.0,0.0,False,False,
TARDBP,ENSG00000120948,2,10,2,2,2,2,4,-0.1074355857910348,up,0.0518875531818923,0.0,-0.4125881797043504,0.0037851710045995,-0.053569737557332,0.0850637372692983,-0.0154719790843493,0.5099743402794759,3.0,0.0,0.0,True,False,
ADAMTS20,ENSG00000173157,3,11,2,2,2,2,4,0.058929877857819,up,0.0271004093111279,3.9411822694290777e-07,0.2555646591041816,0.2332845949859832,-0.0502679470167262,4.1758480402664944e-05,0.003322390032693,0.7019109363858727,2.0,0.0,1.0,,False,
DEDD,ENSG00000158796,3,11,2,2,3,2,4,0.0337193047192352,up,0.0332443627350852,1.6544415482044888e-07,0.1479753825600287,0.0539194446584443,-0.0651757757881332,0.0050799003689143,0.0188332493699601,0.4031320705343388,2.0,0.0,1.0,True,False,
PDE10A,ENSG00000112541,3,11,2,2,2,2,4,-0.2430545072531071,up,0.0459303857303965,3.2473357336471054e-11,-0.7684631491753287,0.0001852687880585,,,-0.0066307583143894,0.3525474303260247,1.0,0.0,1.0,,False,
PDE4D,ENSG00000113448,3,11,3,2,4,2,4,-0.1089524900392597,down,-0.0260788096295561,6.440034461263623e-08,-0.1899840026519168,0.0520802594545655,-0.2661481630713229,0.0001541160917177,0.046401015195757,0.0202219115054744,2.0,0.0,0.0,True,False,
RELB,ENSG00000104856,3,11,2,2,2,2,4,0.1005457627283424,up,0.0081146752623299,0.4536449221713916,0.3790337258990019,0.0735394964467828,-0.1004013502634117,6.666540669364451e-05,0.1154360000154497,0.0001521255828844,1.0,0.0,1.0,True,False,
SQSTM1,ENSG00000161011,3,11,2,2,2,2,4,-0.0531396595949749,up,-0.0042855805134662,0.5264886333482328,-0.3998656369198734,0.0022916329851283,0.0595094434420353,0.0972965603904074,0.1320831356114045,0.0030885768199508,1.0,0.0,1.0,True,False,
ZNF232,ENSG00000167840,3,11,2,2,2,2,4,-0.0618066131375454,up,-0.0035160078734322,0.6121343670810426,-0.3584329594086934,0.0009077230994369,0.1347252231074076,1.5406907412085502e-06,-0.0200027083754639,0.0540061204861488,1.0,0.0,2.0,False,False,
CDKAL1,ENSG00000145996,3,12,2,2,2,2,4,-0.024481349617052,up,0.0770006594993445,0.0,-0.085885782226291,0.7376325542099496,-0.0700094014289929,8.909819269042885e-07,-0.0190308743122686,0.1968804931563101,2.0,0.0,1.0,False,False,
PUM3,ENSG00000080608,3,12,2,2,3,2,4,-0.0450007622983795,up,0.0299362197982576,0.0001864927063834,-0.0547193871291833,0.6001291170342136,0.0453693004885344,0.069083740942839,-0.200589182351127,2.268141230388209e-11,1.0,0.0,2.0,False,False,
RAPSN,ENSG00000165917,3,12,2,2,2,2,4,0.0268344116240502,up,0.0470884772588041,3.1308378112271384e-10,0.1365062697187213,0.56342553751678,-0.1014852264986325,0.0002451489119708,0.0252281260173079,0.0702962106333875,1.0,0.0,2.0,False,False,
ATP6V1B2,ENSG00000147416,2,13,3,3,3,3,4,-0.6700856177974172,down,-0.3826405231274296,0.0,-1.6393169993529677,0.0,-0.6728285242019769,1.0746958878371517e-12,0.0144435754927059,0.6753502292470721,3.0,0.0,0.0,False,False,
C1QTNF4,ENSG00000172247,2,13,3,3,3,3,4,-0.8721455581278924,down,-0.2688859693546825,0.0,-2.183212225321124,1.1546319456101628e-14,-0.1643384797078706,2.830949368037849e-06,,,3.0,0.0,0.0,,False,
DHRS11,ENSG00000278535,2,13,3,3,3,3,4,-0.2746496753121794,down,-0.166635682688348,0.0,-0.7468986279878793,7.032563692277449e-06,-0.1950167794051136,0.0040958665305492,0.0099523888326231,0.4243813020049547,3.0,0.0,0.0,True,False,
DLGAP2,ENSG00000198010,2,13,3,3,3,3,4,-0.3757364907459155,down,-0.1645823309699096,0.0,-0.9303139038121166,6.553441345147348e-09,-0.3947106400221933,2.527197564550221e-06,-0.0133390881794426,0.1734214973227357,3.0,0.0,0.0,,False,
DPP6,ENSG00000130226,2,13,3,2,3,3,4,-0.4703961100046863,down,-0.0184947162819987,0.0145371833599692,-1.3650598602054682,0.0,-0.5199997895428172,1.808331262509455e-12,0.0219699260115389,0.1490117082302458,2.0,0.0,1.0,True,False,
FARSA,ENSG00000179115,2,13,3,3,3,3,4,-0.1690683157011227,down,-0.1376341610527491,0.0,-0.3990331027870137,6.295287768853797e-05,-0.1691777440439725,1.843820711555644e-05,0.0295717450792443,0.066114083181112,3.0,0.0,0.0,False,False,
NRN1,ENSG00000124785,2,13,3,3,3,3,4,-0.5497516412178955,down,-0.3406287785359832,0.0,-1.4013134605301705,0.0,-0.4570904112032412,0.0,2.6085397812458663e-05,0.9975444085205736,2.0,0.0,0.0,True,False,
OLFM3,ENSG00000118733,2,13,3,3,3,3,4,-0.7417836542403174,down,-0.4390667757244504,0.0,-1.1540783656701803,1.2518398317951096e-08,-0.6322058213263215,9.737988193592171e-12,,,2.0,0.0,0.0,,False,
RPH3A,ENSG00000089169,2,13,3,3,3,3,4,-0.4689938434512773,down,-0.2697533621884898,0.0,-1.310005698258557,9.544809387307396e-12,-0.3179613129319349,0.001832954436109,0.0217449995738725,0.107324983076098,3.0,0.0,0.0,False,False,
SERPINI1,ENSG00000163536,2,13,4,4,4,4,4,-0.7282894682865353,down,-0.376436974438646,0.0,-1.4028458449247625,4.822157340100831e-09,-1.100094304527559,2.0079493623370575e-11,-0.0337807492551736,0.002670825087701,2.0,0.0,0.0,True,False,
SV2B,ENSG00000185518,2,13,3,3,3,3,4,-0.7077368298964181,down,-0.4443613082782207,0.0,-1.541031837313847,1.443289932012704e-13,-0.8535398934451948,6.076317227154957e-10,0.0079857194515904,0.419253907916719,3.0,0.0,0.0,False,False,
TAGLN3,ENSG00000144834,2,13,3,3,3,3,4,-0.7785796225564431,down,-0.2396024860338031,0.0,-1.2354053522658663,5.2846615972157464e-14,-0.86073102936966,1.3466339154888374e-11,,,3.0,0.0,0.0,,False,
VGF,ENSG00000128564,2,13,3,3,3,3,4,-0.7199989860055007,down,-0.5473004206670022,0.0,-0.3835044158062626,0.0030021823245478,-1.229192121543237,0.0,,,3.0,0.0,0.0,False,False,
CS,ENSG00000062485,2,14,3,3,3,3,4,-0.2089160069766691,down,-0.125944161771467,0.0,-0.5933175357951566,2.030605044334166e-06,-0.0982687790681691,0.0056548944668026,-0.0181335512718838,0.5841776551426072,3.0,0.0,0.0,False,False,
DLAT,ENSG00000150768,2,14,3,2,3,2,4,-0.2217983052613458,down,-0.1760563865117999,0.0,-0.4495298729215067,0.0056507933917511,,,-0.0398086563507309,0.0171454618085686,3.0,0.0,0.0,True,False,
MDH2,ENSG00000146701,2,14,3,3,3,3,4,-0.3436322490381265,down,-0.221276591085001,0.0,-0.7982693476219271,6.817037006001669e-07,-0.4150997579223663,7.771561172376096e-15,0.0601167004767884,0.0613220699458489,3.0,0.0,0.0,False,False,
PDHA1,ENSG00000131828,2,14,4,2,4,2,4,-0.1271020536214344,down,-0.1042010255212019,0.0,-0.250824142814249,0.0364905149185381,-0.111345154216071,0.0006792316199251,-0.0420378919342159,0.0191892010882841,3.0,0.0,0.0,False,False,
PDHB,ENSG00000168291,2,14,4,4,4,4,4,-0.3721460281933659,down,-0.1635170939614958,0.0,-0.6953655119421942,7.926032408178686e-08,-0.4429349359783288,1.389999226830696e-13,-0.1867665708914447,6.7051870722423246e-09,3.0,0.0,0.0,True,False,
SLC25A11,ENSG00000108528,2,14,2,2,2,2,4,-0.1321317227681964,down,-0.0379180427680624,6.953526643371786e-10,-0.5296760847722304,0.000121863267761,0.031312755095624,0.4202516171087227,0.007754481371883,0.6325401412715013,3.0,0.0,0.0,False,False,
AKAP6,ENSG00000151320,3,16,3,3,3,3,4,-0.4580520802250586,down,-0.1738081850689213,0.0,-0.8573153200984711,0.0,-0.3430327355077835,2.564853440745196e-09,,,3.0,0.0,0.0,,False,
CHRM3,ENSG00000133019,3,16,3,3,3,3,4,-0.5609056741721186,down,-0.2888910648598508,0.0,-0.7619079215928597,4.354604585232735e-05,-0.6319180360636452,6.403849246439108e-07,,,3.0,0.0,0.0,,False,
DACH2,ENSG00000126733,3,16,3,3,3,3,4,-0.651939698413979,down,-0.200792914930717,0.0,-1.0083959440257146,2.805220825852217e-06,-0.7466302362855055,4.2283954115873706e-11,,,3.0,0.0,0.0,False,False,
FAR2,ENSG00000064763,3,16,3,3,3,3,4,-0.519715102947568,down,-0.2367740674695685,0.0,-1.6307923985168458,0.0,-0.2269516616019355,4.423356125826672e-09,0.0156577157980777,0.677862207181211,2.0,0.0,1.0,False,False,
NECAB1,ENSG00000123119,3,16,3,3,3,3,4,-0.6040065662251767,down,-0.1216530017373125,0.0,-1.1976227315839552,1.5852157364548702e-08,-1.0924453555620666,2.847388991256139e-11,-0.0043051760173726,0.6405045174616584,3.0,0.0,0.0,False,False,
NPY,ENSG00000122585,3,16,3,3,3,3,4,-0.4948736153084385,down,-0.2556706313632422,0.0,-0.5765233626837878,0.0085191974643223,-0.6524268518782854,1.7343426694793607e-09,,,3.0,0.0,0.0,,False,
PTPRN2,ENSG00000155093,3,16,3,3,3,3,4,-0.4942079080781729,down,-0.243444985161619,0.0,-1.1967882658294204,0.0,-0.526934808364822,7.704947790898586e-14,-0.0096635729568301,0.5803257253256762,2.0,0.0,0.0,True,False,
RBFOX1,ENSG00000078328,3,16,3,3,3,3,4,-0.3976767505677219,down,-0.2485697666636285,0.0,-0.8087811909954059,4.6963278155232047e-08,-0.5325103066920898,3.153921568355145e-12,-0.0008457379197635,0.933126878406758,2.0,0.0,0.0,True,False,
RIMBP2,ENSG00000060709,3,16,3,3,3,3,4,-0.5778012090042919,down,-0.2750807743697719,0.0,-1.290279057052011,6.128431095930864e-14,-0.7518813208038067,1.4839462991744767e-11,0.006036316208422,0.3978645487915291,2.0,0.0,0.0,,False,
SLC2A13,ENSG00000151229,3,16,3,3,3,3,4,-0.3607106316918473,down,-0.203025483219587,0.0,-0.7948357883573216,6.300975952999721e-06,-0.0842706234986332,0.000650075957747,,,2.0,0.0,1.0,,False,
STMN4,ENSG00000015592,3,16,3,3,3,3,4,-0.4279005909784583,down,-0.0879022698678734,1.2212453270876722e-14,-0.830948264127148,3.2469890713926475e-06,-0.3648512389403535,8.598599037235033e-06,,,3.0,0.0,0.0,,False,
TMEM132D,ENSG00000151952,3,16,3,3,3,3,4,-0.3700057321366008,down,-0.2628949897216018,0.0,-0.6519204560048806,0.0001890392799313,-0.5727902079024823,3.2274849459668076e-11,0.0075827250825613,0.3004353962807289,3.0,0.0,0.0,,False,
TMEM163,ENSG00000152128,3,16,3,3,3,3,4,-0.3850543576450926,down,-0.2229151678053174,0.0,-1.0165246150202094,1.9984014443252818e-13,-0.2860316013837582,2.0872192862952943e-14,-0.0147460463710853,0.1015097431690938,3.0,0.0,0.0,True,False,
TSPOAP1,ENSG00000005379,1,24,3,3,3,3,4,0.0104208560706335,down,-0.0474244954597554,8.696891615755931e-07,0.1347068321208659,0.3084213292890159,-0.129586085982222,0.0023818493645091,0.0839871736036457,0.0020348138301187,3.0,0.0,0.0,False,False,
AP2A2,ENSG00000183020,2,24,3,3,3,3,4,-0.1954061597771697,down,-0.1030432365345161,0.0,-0.7107621590365856,4.1789824933857744e-09,-0.0309316341463299,0.6032749617175464,0.0631123906087527,0.0007475952725326,2.0,0.0,1.0,False,False,
CPLX1,ENSG00000168993,2,24,4,3,4,3,4,-0.4173556075889523,down,-0.0579237253316889,1.9775195976290405e-06,-0.952239567378058,2.949296709520155e-06,-0.6783986637546828,1.64458668905354e-10,0.0191395261086206,0.0232721676605318,2.0,0.0,1.0,True,False,
NSF,ENSG00000073969,2,24,3,3,3,3,4,0.0032897351679324,down,-0.2523089473169262,0.0,1.1315637623402477,5.919709167301335e-11,-0.833997881369033,1.496536228273726e-11,-0.0320979929825586,0.2452960018355192,3.0,0.0,0.0,False,False,
SYT1,ENSG00000067715,2,24,3,3,3,3,4,-0.9104013057036864,down,-0.6792310297087939,0.0,-1.552694835665516,1.0073764045159804e-10,-1.4183311130399725,9.969580716528979e-12,0.0086517555995362,0.1819619214670589,3.0,0.0,0.0,,False,
ABCA8,ENSG00000141338,2,25,3,2,3,2,4,0.2850120706844021,up,0.1712181104531539,1.851852005074761e-13,0.7691034613757086,0.0002858204633473,0.1935962880905766,0.0428564744780408,0.0061304228181695,0.4306756052649581,3.0,0.0,0.0,True,False,
APOC1,ENSG00000130208,2,25,3,3,3,3,4,0.2846094002157802,up,0.1161445583113005,0.0,0.6056903207491517,5.897551841327342e-05,0.41868219896255,3.613990218198637e-09,-0.0020794771598815,0.8252659299896818,2.0,0.0,0.0,True,False,
CELF1,ENSG00000149187,2,25,3,3,3,3,4,0.1620247855858516,up,0.0659598336055208,0.0,0.4178045938645294,0.000825969921995,0.1569652656817801,3.02232030513494e-07,0.0073694491915761,0.5469541222979628,3.0,0.0,0.0,True,False,
FRAT2,ENSG00000181274,2,25,3,3,3,3,4,0.1592284156677039,up,0.0663332826178076,5.773159728050814e-15,0.2006281875917226,0.2586066959768163,0.210497654609826,1.1146140121987005e-07,0.1594545378514595,0.0003146459663887,3.0,0.0,0.0,True,False,
GSN,ENSG00000148180,2,25,4,3,3,3,4,0.3667043221054096,up,0.2312647205064577,0.0,0.922174589115854,2.9269312591395646e-06,0.2328298822556274,0.0044803701683482,0.0805480965436995,0.0252613332700561,2.0,0.0,0.0,True,False,
HPR,ENSG00000261701,2,25,3,2,3,3,4,0.2580080232327419,up,0.2227342852435381,0.0,0.52345855451963,0.0282682160710527,0.2760225585614355,7.560885384449989e-07,0.0098166946063642,0.2311259586758489,1.0,0.0,2.0,True,False,
HSPA2,ENSG00000126803,2,25,3,2,3,3,4,0.4469010438190549,up,0.1692050371309718,5.018208071305708e-14,0.954312578663874,1.490800349834842e-08,0.2171855156623188,0.0285899304932244,,,2.0,0.0,0.0,,False,
HSPB2,ENSG00000170276,2,25,3,2,3,3,4,0.2485133432114897,up,0.1818695115033223,0.0,0.461661226121719,0.0172728863926556,0.3577534558683979,3.112621271839089e-12,-0.0072308206474804,0.3193406286349058,3.0,0.0,0.0,,False,
ISYNA1,ENSG00000105655,2,25,3,3,3,3,4,0.2562558485574652,up,0.212315463913347,0.0,0.3546573924272262,0.0086406970491901,0.4306679926911441,1.949315215910019e-07,0.0273825451981437,0.0790826092966847,3.0,0.0,0.0,True,False,
MSN,ENSG00000147065,2,25,4,3,3,3,4,0.3603411353130727,up,0.2500883538694987,0.0,0.8314956237500333,4.290599902034842e-07,0.278009589364192,0.0004454164108123,0.0817709742685668,0.0393929598258071,3.0,0.0,0.0,True,False,
PHYHD1,ENSG00000175287,2,25,3,3,3,3,4,0.56103775969829,up,0.300383714513573,0.0,1.0905730604437007,1.2902514612278536e-08,0.292156504137596,1.3549318111927278e-08,,,1.0,0.0,1.0,,False,
PLEC,ENSG00000178209,2,25,3,2,3,2,4,0.1729628121320203,up,0.1196313752619026,0.0,0.4711109806018454,0.002721046010023,0.0131713431884072,0.8275479937513923,0.0879375494759262,0.0114648510311452,3.0,0.0,0.0,True,False,
PLXNB1,ENSG00000164050,2,25,3,3,3,3,4,0.6449084536412252,up,0.2239809429942264,0.0,1.458623368382649,1.1450762116282933e-08,0.8924170540029461,0.0,0.0046124491850791,0.5717073554658427,3.0,0.0,0.0,,False,
RHPN2,ENSG00000131941,2,25,3,3,3,3,4,0.3837424183639012,up,0.0676538219536285,0.0001591355721117,1.1684002570502043,2.499445095338615e-11,0.2987005297475296,3.256538136264808e-05,0.0002150647042427,0.9821677097919492,2.0,0.0,1.0,False,False,
SCARA3,ENSG00000168077,2,25,3,3,3,3,4,0.3341602269127406,up,0.1624260754652085,0.0,0.8810804515353121,5.621552969126142e-06,0.2891721612650961,0.0008350580762903,0.0039622193853459,0.6135968254308248,3.0,0.0,0.0,,False,
SEMA3F,ENSG00000001617,2,25,3,2,3,2,4,0.4225348920318916,up,0.1750774917034682,0.0,1.4486807411264584,0.0,0.0622045350449198,0.038669956130958,0.0041768002527202,0.6442401669715188,3.0,0.0,0.0,True,False,
SEPTIN10,ENSG00000186522,2,25,3,3,3,3,4,0.1660817086632774,up,0.1275212175666262,0.0,0.483250221540171,0.0071158844202106,0.053498270834841,0.0036700059326695,5.712471147134579e-05,0.9935039720226512,2.0,0.0,1.0,True,False,
SLC12A4,ENSG00000124067,2,25,3,3,3,3,4,0.2375139627482777,up,0.1542520800223482,0.0,0.5946828138530709,0.001939360980663,0.1811757636775723,0.0,0.0199451934401198,0.0521226996226118,2.0,0.0,1.0,True,False,
TRIOBP,ENSG00000100106,2,25,4,4,4,4,4,0.3307060730103929,up,0.1277892034222305,0.0,0.8537810249118127,3.114537960868801e-09,0.2360079690792149,0.0001952770539153,0.1052460946283133,0.0031705931195513,2.0,0.0,0.0,True,False,
CR1,ENSG00000203710,1,26,4,4,4,4,4,0.1735594373485387,up,0.1333871292114218,0.0,0.4824105010484434,0.0072890893439669,-0.0489334404468762,0.0094707251598473,0.1273735595811658,4.921555200265715e-06,3.0,0.0,0.0,True,False,
CTSH,ENSG00000103811,1,26,3,2,3,3,4,0.2385604925616232,up,0.1566056417624614,0.0,0.39651068675645,0.0108154408981371,0.3265731801984017,5.3424390100698105e-06,0.0745524615291799,0.0780022012036174,1.0,0.0,1.0,True,False,
GRN,ENSG00000030582,1,26,3,3,3,3,4,0.1155480269529085,up,0.0783133806515861,0.0,-0.0756445381578938,0.5858446345052473,0.1790242469495071,1.2878258459636527e-09,0.2804990183684346,2.2441826672547904e-06,2.0,0.0,1.0,True,False,
TSPAN14,ENSG00000108219,1,26,2,2,2,2,4,0.1060264134896986,up,0.1021970907900308,0.0,0.1475827436096013,0.2865781117530757,0.1377230402285922,1.8130196615118168e-06,0.0366027793305701,0.0859531936679438,1.0,0.0,2.0,True,False,
LAIR1,ENSG00000167613,2,26,2,2,2,2,4,0.0320165406208252,up,0.2230152542939059,0.0,-0.1479726960833431,0.4546007865737338,-0.0117613067199666,0.2945817675462727,0.0647849109927047,0.0070857231720022,2.0,0.0,0.0,True,False,
PRDX6,ENSG00000117592,2,26,3,3,3,3,4,0.3428511767219094,up,0.1815309028302157,0.0,0.9006489252344334,7.73970709744276e-09,0.2828036971956678,4.867613965631179e-05,0.0064211816273207,0.8334709072847497,2.0,0.0,1.0,False,False,
PYGL,ENSG00000100504,2,26,2,2,2,2,4,0.1210177693479341,up,0.325664341099924,0.0,0.0059139097964822,0.9718236960877022,0.1889524922302756,0.0047012774745665,-0.0364596657349451,0.6013918922095485,3.0,0.0,0.0,True,False,
