hgnc_symbol,ensembl_id,tier,cluster_id,dominant_direction,average_log2fc,neg_log10_min_p,n_datasets_sig,direction_score,n_pathways
ABCA1,ENSG00000165029,1,27,up,0.4830797056582539,10.0,4,1.0,1
ABCA7,ENSG00000064687,1,27,up,0.21439438385292073,10.0,3,1.0,0
ABI3,ENSG00000108798,1,21,up,0.22347824861455756,10.0,2,1.0,0
ADAM17,ENSG00000151694,1,21,up,0.170710945116814,9.686039878600544,2,1.0,9
ADAMTS1,ENSG00000154734,1,27,up,0.3891869387744611,10.0,3,1.0,3
ANK3,ENSG00000151150,1,0,down,-0.1341142111921448,10.0,2,1.0,8
ANKH,ENSG00000154122,1,21,down,-0.23138120707071944,10.0,2,1.0,2
APP,ENSG00000142192,1,28,down,-0.03877670088829766,10.0,3,0.6666666666666666,11
BCKDK,ENSG00000103507,1,7,down,-0.1717744643024814,10.0,3,0.6666666666666666,1
BIN1,ENSG00000136717,1,15,up,-0.034573291324245234,10.0,3,0.6666666666666666,5
CASS4,ENSG00000087589,1,22,up,0.12848983140362646,1.6332328484861371,2,1.0,0
CD2AP,ENSG00000198087,1,31,up,0.11180551830503627,10.0,2,1.0,3
CLNK,ENSG00000109684,1,10,up,-0.04266452050152643,8.353241736476999,2,0.5,0
CLU,ENSG00000120885,1,28,up,0.08458519357227842,10.0,2,1.0,5
COX7C,ENSG00000127184,1,8,down,-0.4085461129326332,10.0,4,1.0,14
CR1,ENSG00000203710,1,26,up,0.1735594373485387,10.0,4,0.75,3
CTSB,ENSG00000164733,1,0,up,0.20282105880300394,10.0,3,1.0,11
CTSH,ENSG00000103811,1,26,up,0.23856049256162326,10.0,3,1.0,3
DOC2A,ENSG00000149927,1,27,down,-0.26758592742098897,10.0,3,1.0,0
EED,ENSG00000074266,1,0,down,-0.11889445154320356,10.0,3,0.6666666666666666,10
EPDR1,ENSG00000086289,1,21,down,-0.5206036195743424,10.0,2,1.0,0
FERMT2,ENSG00000073712,1,-1,up,0.30345661783042005,10.0,3,1.0,4
FOXF1,ENSG00000103241,1,0,up,0.33333673921293716,10.0,3,1.0,5
GRN,ENSG00000030582,1,26,up,0.1155480269529085,10.0,3,1.0,1
HS3ST5,ENSG00000249853,1,7,up,0.1211147900371294,10.0,3,0.6666666666666666,1
ICA1,ENSG00000003147,1,27,down,-0.390642330691674,10.0,3,1.0,1
IDUA,ENSG00000127415,1,7,up,0.08161091656085162,10.0,2,1.0,3
INPP5D,ENSG00000168918,1,-1,up,0.3470971427470346,10.0,4,1.0,4
JAZF1,ENSG00000153814,1,27,down,-0.5569972776940214,10.0,3,1.0,0
KLF16,ENSG00000129911,1,22,down,0.11585781209191537,2.815298578560142,2,1.0,0
LILRB2,ENSG00000131042,1,26,up,0.07300956330779927,10.0,3,1.0,4
MAF,ENSG00000178573,1,21,up,0.2362377724433938,10.0,2,1.0,1
MME,ENSG00000196549,1,22,up,-0.032099291272104126,2.0613197725769026,2,1.0,3
MS4A4A,ENSG00000110079,1,10,up,0.03062981456582817,10.0,2,0.5,0
PLCG2,ENSG00000197943,1,28,up,0.15861465532858,10.0,3,1.0,17
PRKD3,ENSG00000115825,1,21,up,0.013767988254589723,10.0,2,1.0,2
PSEN2,ENSG00000143801,1,21,down,-0.2032997255183511,10.0,2,1.0,9
PTK2B,ENSG00000120899,1,7,down,-0.24776791160054118,6.0373319208964435,3,0.6666666666666666,7
RASGEF1C,ENSG00000146090,1,22,down,-0.19120994275432723,2.941552463994002,2,1.0,0
RBCK1,ENSG00000125826,1,27,up,0.010633083139603,10.0,3,0.6666666666666666,3
RHOH,ENSG00000168421,1,10,up,-0.09196705743993368,10.0,2,0.5,2
SEC61G,ENSG00000132432,1,27,down,-0.3844086942256651,10.0,4,1.0,1
SIGLEC11,ENSG00000161640,1,22,up,0.29902484535326784,4.960769326056962,2,1.0,1
SLC24A4,ENSG00000140090,1,22,up,0.11793396457302709,5.35009931466704,2,1.0,0
SLC2A4RG,ENSG00000125520,1,27,up,0.21813911585251566,10.0,3,1.0,0
SNX1,ENSG00000028528,1,15,up,-0.018978917450637955,10.0,3,1.0,1
SORL1,ENSG00000137642,1,7,down,-0.15970038884253912,10.0,3,0.6666666666666666,0
SORT1,ENSG00000134243,1,10,up,-0.11036837891038911,10.0,2,0.5,1
SPI1,ENSG00000066336,1,17,up,0.181658532465591,10.0,3,1.0,3
SPPL2A,ENSG00000138600,1,27,up,0.33313413799460373,10.0,3,1.0,1
TMEM106B,ENSG00000106460,1,10,up,-0.07951132340635399,5.584603649643161,2,0.5,0
TNIP1,ENSG00000145901,1,21,up,0.10669688668920037,10.0,2,1.0,1
TPCN1,ENSG00000186815,1,21,up,0.06157785686008097,10.0,2,1.0,2
TREM2,ENSG00000095970,1,22,up,0.24215161540357688,10.0,2,1.0,2
TREML2,ENSG00000112195,1,22,up,-0.0009117790875919265,4.92962655536262,2,1.0,1
TSPAN14,ENSG00000108219,1,26,up,0.1060264134896986,10.0,2,1.0,1
TSPOAP1,ENSG00000005379,1,24,down,0.010420856070633554,6.060635942248259,3,0.6666666666666666,2
UMAD1,ENSG00000219545,1,22,down,-0.2926177951145368,6.8329942345694645,2,1.0,0
WDR12,ENSG00000138442,1,27,down,-0.1920529138356608,8.232579804357492,4,1.0,0
WDR81,ENSG00000167716,1,27,up,0.18391951106274493,10.0,4,1.0,2
WNT3,ENSG00000108379,1,10,up,0.039878858105086866,7.998220765048742,2,0.5,7
ABCA8,ENSG00000141338,2,25,up,0.28501207068440215,10.0,3,1.0,0
ADAMTS4,ENSG00000158859,2,18,up,0.15013756884106852,2.463964264107748,2,1.0,3
AHCYL1,ENSG00000168710,2,31,up,0.1014186707052272,10.0,2,1.0,4
AKR1D1,ENSG00000122787,2,22,up,0.015505440072137576,3.6301061329403126,2,1.0,0
AP2A2,ENSG00000183020,2,24,down,-0.1954061597771697,10.0,3,0.6666666666666666,14
APOC1,ENSG00000130208,2,25,up,0.2846094002157802,10.0,3,1.0,2
ARHGAP26,ENSG00000145819,2,1,up,0.15493535460742322,6.624713119268329,2,1.0,3
ATL3,ENSG00000184743,2,31,up,0.10997576543301338,10.0,2,1.0,0
ATP1B1,ENSG00000143153,2,32,down,-0.18857315001207572,10.0,2,1.0,4
ATP2B1,ENSG00000070961,2,32,down,-0.18926739771870216,10.0,2,1.0,4
ATP5PO,ENSG00000241837,2,8,down,-0.3316163178590322,10.0,3,1.0,13
ATP6V1A,ENSG00000114573,2,-1,down,-0.3624901580576738,10.0,2,1.0,5
ATP6V1B2,ENSG00000147416,2,13,down,-0.6700856177974172,10.0,3,1.0,5
BLOC1S1,ENSG00000135441,2,32,down,-0.1756659160215285,3.6011446965941785,3,0.6666666666666666,1
BSCL2,ENSG00000168000,2,10,up,-0.08590118559487532,8.192737045664439,2,0.5,0
C1QTNF4,ENSG00000172247,2,13,down,-0.8721455581278924,10.0,3,1.0,0
C4A,ENSG00000244731,2,31,up,0.1932255784282291,10.0,2,1.0,1
CELF1,ENSG00000149187,2,25,up,0.1620247855858516,10.0,3,1.0,0
CHADL,ENSG00000100399,2,22,up,0.29828034630578193,5.808661626697407,2,1.0,0
COX6B1,ENSG00000126267,2,8,down,-0.3713292424121129,10.0,3,1.0,14
CPLX1,ENSG00000168993,2,24,down,-0.4173556075889523,9.78394322915286,4,0.75,3
CS,ENSG00000062485,2,14,down,-0.2089160069766691,10.0,3,1.0,4
DAGLA,ENSG00000134780,2,28,down,-0.12326051755772652,10.0,2,1.0,3
DAXX,ENSG00000204209,2,31,up,0.11787917854187331,10.0,2,1.0,5
DBI,ENSG00000155368,2,5,up,0.029459488047077875,10.0,4,0.75,0
DDB1,ENSG00000167986,2,7,down,-0.034088124224733604,10.0,3,0.6666666666666666,2
DHRS11,ENSG00000278535,2,13,down,-0.27464967531217943,10.0,3,1.0,0
DLAT,ENSG00000150768,2,14,down,-0.22179830526134584,10.0,3,1.0,4
DLGAP2,ENSG00000198010,2,13,down,-0.37573649074591553,10.0,3,1.0,0
DNAJC6,ENSG00000116675,2,15,down,-0.3424222478283701,10.0,3,1.0,2
DND1,ENSG00000256453,2,22,up,0.22825639202818004,6.871888152847115,2,1.0,0
DNM1,ENSG00000106976,2,15,down,-0.37233889367676054,10.0,3,1.0,7
DPP6,ENSG00000130226,2,13,down,-0.4703961100046863,10.0,3,1.0,0
ENO3,ENSG00000108515,2,7,up,0.20371297086250392,10.0,4,0.75,3
ERBB3,ENSG00000065361,2,33,up,0.23886858845930636,5.153152700613145,3,1.0,13
FARSA,ENSG00000179115,2,13,down,-0.16906831570112274,10.0,3,1.0,0
FCER1G,ENSG00000158869,2,28,up,0.09595078648486882,10.0,3,0.6666666666666666,8
FGF2,ENSG00000138685,2,33,up,0.2636240556350557,6.062469245570593,2,1.0,15
FOXO1,ENSG00000150907,2,17,up,0.4160114549766074,10.0,4,0.75,9
FRAT2,ENSG00000181274,2,25,up,0.15922841566770393,10.0,3,1.0,4
GABRA2,ENSG00000151834,2,23,down,-0.241977696539775,10.0,2,1.0,6
GAPDH,ENSG00000111640,2,7,down,-0.26431388924249144,10.0,4,0.75,5
GRIA2,ENSG00000120251,2,23,down,-0.4342402608731832,10.0,3,1.0,9
GSN,ENSG00000148180,2,25,up,0.36670432210540965,10.0,4,1.0,6
HABP4,ENSG00000130956,2,28,down,-0.2449397393775891,10.0,3,1.0,1
HOMER1,ENSG00000152413,2,20,down,-0.16207500804977626,10.0,2,1.0,2
HPR,ENSG00000261701,2,25,up,0.25800802323274197,10.0,3,1.0,0
HSPA2,ENSG00000126803,2,25,up,0.4469010438190549,10.0,3,1.0,0
HSPB2,ENSG00000170276,2,25,up,0.2485133432114897,10.0,3,1.0,2
IGFBP5,ENSG00000115461,2,28,up,0.32581644789224634,10.0,3,1.0,1
ISYNA1,ENSG00000105655,2,25,up,0.25625584855746525,10.0,3,1.0,0
ITGB2,ENSG00000160255,2,28,up,0.33677324743646514,10.0,4,1.0,11
ITPK1,ENSG00000100605,2,31,up,0.050474465508689795,10.0,2,1.0,0
KALRN,ENSG00000160145,2,1,down,-0.2950258875605795,10.0,3,0.6666666666666666,7
KCNK4,ENSG00000182450,2,19,down,-0.1069798229475539,10.0,2,1.0,2
KCNN3,ENSG00000143603,2,19,up,0.4563446730082781,10.0,3,1.0,1
LAIR1,ENSG00000167613,2,26,up,0.03201654062082522,10.0,2,1.0,2
LAMA4,ENSG00000112769,2,31,up,0.07289568264240012,7.306360945714666,2,1.0,3
LAPTM5,ENSG00000162511,2,10,up,0.10632941293244383,10.0,3,0.6666666666666666,2
LRRC8D,ENSG00000171492,2,9,down,-0.131814501735507,4.203405245428727,3,1.0,0
MANF,ENSG00000145050,2,28,down,-0.08485164638434245,6.249617709564185,3,0.6666666666666666,1
MAP2,ENSG00000078018,2,31,down,-0.1045358211870217,5.051611726365762,2,1.0,1
MDH2,ENSG00000146701,2,14,down,-0.3436322490381265,10.0,3,1.0,5
MEF2C,ENSG00000081189,2,2,down,-0.4469967909306145,10.0,4,0.75,6
MRPL37,ENSG00000116221,2,31,down,-0.33130658018543196,10.0,2,1.0,0
MSN,ENSG00000147065,2,25,up,0.3603411353130727,10.0,4,1.0,7
MTHFD1,ENSG00000100714,2,7,down,-0.2399048726928947,10.0,3,0.6666666666666666,0
NBAS,ENSG00000151779,2,10,up,-0.20701399030749457,10.0,2,0.5,0
NDUFA13,ENSG00000186010,2,8,down,-0.3085503356729407,10.0,3,1.0,14
NDUFS3,ENSG00000213619,2,8,down,-0.37794527768404723,10.0,4,1.0,17
NDUFV1,ENSG00000167792,2,8,down,-0.41909101866484993,10.0,4,0.75,15
NLRC5,ENSG00000140853,2,28,up,0.3219098189987151,9.602941086683439,3,1.0,2
NPM3,ENSG00000107833,2,31,down,-0.15665173742938865,10.0,2,1.0,0
NRN1,ENSG00000124785,2,13,down,-0.5497516412178955,10.0,3,1.0,0
NRXN3,ENSG00000021645,2,20,down,-0.48974166615084347,10.0,3,1.0,3
NSF,ENSG00000073969,2,24,down,0.003289735167932477,10.0,3,0.6666666666666666,4
NTRK2,ENSG00000148053,2,11,up,0.10728280244579462,2.9388703160290244,2,0.5,7
NUPR1,ENSG00000176046,2,17,up,0.4582425990326362,10.0,3,1.0,1
OLFM3,ENSG00000118733,2,13,down,-0.7417836542403174,10.0,3,1.0,0
PAK1,ENSG00000149269,2,1,down,-0.7009934984000136,10.0,3,1.0,21
PCM1,ENSG00000078674,2,7,down,-0.008429458773387175,9.521849385579914,3,0.6666666666666666,1
PDHA1,ENSG00000131828,2,14,down,-0.12710205362143445,10.0,4,1.0,6
PDHB,ENSG00000168291,2,14,down,-0.3721460281933659,10.0,4,1.0,6
PGM5,ENSG00000154330,2,11,up,0.12924324987935,4.741273215659318,2,0.5,0
PHYHD1,ENSG00000175287,2,25,up,0.56103775969829,10.0,3,1.0,0
PLEC,ENSG00000178209,2,25,up,0.17296281213202036,10.0,3,1.0,0
PLXNB1,ENSG00000164050,2,25,up,0.6449084536412252,10.0,3,1.0,2
POLR2G,ENSG00000168002,2,31,down,-0.09952658631314668,7.133775401327828,3,1.0,4
PRDX1,ENSG00000117450,2,5,up,-0.29081886202587126,10.0,4,0.5,1
PRDX6,ENSG00000117592,2,26,up,0.3428511767219094,10.0,3,1.0,2
PREX1,ENSG00000124126,2,1,up,0.36653594330175693,10.0,3,1.0,6
PRPF31,ENSG00000105618,2,7,up,-0.015053547458230399,9.757067728759822,3,0.6666666666666666,0
PSMC3,ENSG00000165916,2,0,down,-0.3056716362880939,10.0,3,1.0,28
PTPN6,ENSG00000111679,2,28,up,0.11757404313432382,10.0,2,1.0,11
PTPRC,ENSG00000081237,2,32,up,0.11084733878523473,3.6641422231269907,3,1.0,5
PYGL,ENSG00000100504,2,26,up,0.12101776934793418,10.0,2,1.0,2
RAB27B,ENSG00000041353,2,28,down,-0.34252761117834235,10.0,2,1.0,1
RAB3A,ENSG00000105649,2,24,down,-0.16270517568149842,5.96629326460904,2,1.0,4
RABEP1,ENSG00000029725,2,15,down,-0.3929762648958068,10.0,3,1.0,1
RABEP2,ENSG00000177548,2,10,up,0.12408683215282001,10.0,2,0.5,0
RAPGEF2,ENSG00000109756,2,7,down,-0.24316622231026422,10.0,3,0.6666666666666666,6
RHPN2,ENSG00000131941,2,25,up,0.38374241836390127,10.0,3,1.0,2
RPH3A,ENSG00000089169,2,13,down,-0.4689938434512773,10.0,3,1.0,0
RTN1,ENSG00000139970,2,7,down,-0.3119788729273866,10.0,3,0.6666666666666666,0
RUFY3,ENSG00000018189,2,31,down,-0.24092295998756022,10.0,2,1.0,0
SCARA3,ENSG00000168077,2,25,up,0.33416022691274067,10.0,3,1.0,0
SCG3,ENSG00000104112,2,28,down,-0.39571216093766026,10.0,3,1.0,3
SCRN2,ENSG00000141295,2,32,up,0.008901094150190702,4.635030605678226,3,0.6666666666666666,0
SEMA3F,ENSG00000001617,2,25,up,0.4225348920318916,10.0,3,1.0,1
SEPTIN10,ENSG00000186522,2,25,up,0.1660817086632774,10.0,3,1.0,0
SERPINI1,ENSG00000163536,2,13,down,-0.7282894682865353,10.0,4,1.0,0
SLC12A4,ENSG00000124067,2,25,up,0.23751396274827777,10.0,3,1.0,0
SLC25A11,ENSG00000108528,2,14,down,-0.13213172276819646,9.157794876949954,2,1.0,3
SLC25A19,ENSG00000125454,2,7,up,-0.03203767016023181,7.560928727230542,3,0.6666666666666666,0
SLIT2,ENSG00000145147,2,29,down,-0.42365707424130783,10.0,2,1.0,3
SLIT3,ENSG00000184347,2,29,down,-0.26736966316228494,10.0,2,1.0,2
SPCS1,ENSG00000114902,2,0,down,-0.47585749076397765,10.0,3,1.0,6
STAU1,ENSG00000124214,2,10,up,-0.032363756461471216,10.0,2,0.5,1
SV2B,ENSG00000185518,2,13,down,-0.7077368298964181,10.0,3,1.0,0
SYK,ENSG00000165025,2,28,up,0.2791520891181032,10.0,4,1.0,13
SYN1,ENSG00000008056,2,23,down,-0.37521095813759475,8.364984659673507,2,1.0,2
SYNGR4,ENSG00000105467,2,31,down,-0.0011615023245025256,10.0,2,1.0,0
SYT1,ENSG00000067715,2,24,down,-0.9104013057036865,10.0,3,1.0,5
SYT7,ENSG00000011347,2,20,up,0.04074957012995362,5.40643757526008,2,0.5,2
TAGLN3,ENSG00000144834,2,13,down,-0.7785796225564431,10.0,3,1.0,0
TARDBP,ENSG00000120948,2,10,up,-0.10743558579103485,10.0,2,0.5,2
TRIOBP,ENSG00000100106,2,25,up,0.3307060730103929,10.0,4,1.0,0
VGF,ENSG00000128564,2,13,down,-0.7199989860055007,10.0,3,1.0,2
ADAM10,ENSG00000137845,3,11,up,0.11405768919130925,3.1621505788576254,2,0.5,8
ADAMTS17,ENSG00000140470,3,33,up,0.09468094825252302,7.141836102917765,3,0.6666666666666666,1
ADAMTS20,ENSG00000173157,3,11,up,0.05892987785781907,6.404373479679741,2,0.5,1
ADARB2,ENSG00000185736,3,4,up,0.2848471006097111,10.0,3,1.0,0
ADGRL2,ENSG00000117114,3,32,down,-0.12554031678771782,10.0,2,1.0,1
AFF1,ENSG00000172493,3,17,up,0.3377137099033264,10.0,4,1.0,1
AFF3,ENSG00000144218,3,5,down,-0.2656793809164968,10.0,4,0.75,0
AGAP1,ENSG00000157985,3,12,up,0.053630735400108244,10.0,2,0.5,1
AHNAK,ENSG00000124942,3,4,up,0.5518677557054591,10.0,3,1.0,1
AKAP6,ENSG00000151320,3,16,down,-0.45805208022505867,10.0,3,1.0,0
ALCAM,ENSG00000170017,3,32,down,-0.031311701340148795,2.874081744863436,3,0.6666666666666666,2
AMPH,ENSG00000078053,3,15,down,-0.6418304406537159,10.0,3,1.0,4
ANO1,ENSG00000131620,3,32,down,0.015598867829364533,10.0,2,1.0,2
ANO3,ENSG00000134343,3,32,down,-0.48621241070664983,10.0,2,1.0,1
ANTXR1,ENSG00000169604,3,4,up,0.24071510644427677,10.0,3,1.0,0
APOC4,ENSG00000267467,3,18,up,0.0241748283744005,5.915932893512612,2,1.0,1
ARHGAP45,ENSG00000180448,3,1,up,0.34277795457767324,10.0,4,1.0,4
ARID4B,ENSG00000054267,3,32,up,0.13448313110388044,10.0,3,0.6666666666666666,3
ARIH2,ENSG00000177479,3,18,down,-0.10739072210505608,2.1193979212212897,2,1.0,1
ARMH3,ENSG00000120029,3,4,up,0.05612543848107295,10.0,3,1.0,0
ASB3,ENSG00000115239,3,3,up,0.22870890250312015,10.0,3,1.0,2
ATP6V0E2,ENSG00000171130,3,6,down,-0.22556037923515046,10.0,3,1.0,5
BANK1,ENSG00000153064,3,12,up,0.06522183900934579,10.0,2,0.5,1
BCAM,ENSG00000187244,3,32,up,0.08006693292763235,6.679698666694219,3,0.6666666666666666,0
BCAR3,ENSG00000137936,3,32,up,0.2504100110427558,10.0,2,1.0,0
BCL3,ENSG00000069399,3,32,up,0.17345269459430437,10.0,2,1.0,0
BORCS5,ENSG00000165714,3,12,up,0.22011904342913216,10.0,2,0.5,1
C12orf42,ENSG00000179088,3,32,down,-0.21625176861561912,10.0,2,1.0,0
CABLES1,ENSG00000134508,3,32,up,0.13473506323163945,10.0,2,1.0,1
CACNA2D3,ENSG00000157445,3,23,down,-0.43916321883393833,10.0,3,1.0,3
CADM2,ENSG00000175161,3,0,down,-0.26222369001969575,10.0,3,1.0,6
CAMK1D,ENSG00000183049,3,12,up,-0.10871122807931016,9.000372354046668,2,0.5,1
CASTOR3P,ENSG00000239521,3,18,up,0.24661079557324359,7.4569144483162475,2,1.0,0
CCDC91,ENSG00000123106,3,9,down,-0.24069588058606212,5.356786648521651,3,1.0,0
CD33,ENSG00000105383,3,26,up,0.042958693918917754,10.0,2,1.0,3
CDCA7,ENSG00000144354,3,11,up,0.060196532974203076,2.5654899542478073,2,0.5,0
CDH13,ENSG00000140945,3,0,down,-0.6088293987749994,10.0,3,1.0,7
CDH4,ENSG00000179242,3,0,up,0.0242404407513767,1.5628668477550711,2,1.0,7
CDKAL1,ENSG00000145996,3,12,up,-0.024481349617052,10.0,2,0.5,0
CEACAM19,ENSG00000186567,3,5,up,0.14946294981348296,10.0,4,0.75,0
CEACAM22P,ENSG00000230666,3,11,up,-0.0815474030021255,5.719494617412989,2,0.5,0
CHID1,ENSG00000177830,3,28,down,-0.18772368030670253,10.0,2,1.0,1
CHRM3,ENSG00000133019,3,16,down,-0.5609056741721186,10.0,3,1.0,6
CHST10,ENSG00000115526,3,32,down,-0.034452243410664406,2.7866528450799035,3,0.6666666666666666,0
CHST12,ENSG00000136213,3,4,up,0.2713389233341643,10.0,3,1.0,1
CKAP5,ENSG00000175216,3,5,down,-0.21912123222409557,10.0,4,0.75,2
CLASRP,ENSG00000104859,3,4,up,0.1574116469358759,9.460870523965097,3,1.0,0
CLPTM1,ENSG00000104853,3,32,up,-0.09680286213348702,4.295997277367457,3,0.6666666666666666,0
CLYBL,ENSG00000125246,3,18,down,-0.20844575465514328,3.945151528123179,2,1.0,0
CNGB1,ENSG00000070729,3,11,up,0.052600455550852826,10.0,2,0.5,1
CNN2,ENSG00000064666,3,32,up,0.16471298398460993,10.0,2,1.0,3
CNTNAP2,ENSG00000174469,3,32,down,-0.42729434972409414,10.0,2,1.0,2
COL25A1,ENSG00000188517,3,18,up,0.004942644381329275,6.4229428984801435,2,1.0,2
COL6A3,ENSG00000163359,3,32,up,0.04067382521012237,10.0,2,1.0,5
COLQ,ENSG00000206561,3,18,down,-0.15205818042676167,2.8095409660371335,2,1.0,0
CST4,ENSG00000101441,3,9,up,0.1610607112974588,3.5742002844339686,3,1.0,0
CTNNA2,ENSG00000066032,3,7,down,-0.14876857338486973,10.0,3,0.6666666666666666,1
CTNND2,ENSG00000169862,3,11,up,-0.025848915071171995,4.464583658891368,2,0.5,1
CUL3,ENSG00000036257,3,3,down,-0.4060178362530891,10.0,2,1.0,10
CYB561,ENSG00000008283,3,32,down,0.003109094121564575,9.710444318728298,2,1.0,0
CYCS,ENSG00000172115,3,8,down,-0.2502077225483499,10.0,3,1.0,10
CYRIA,ENSG00000197872,3,6,down,-0.18808177598286477,10.0,3,1.0,1
CYYR1,ENSG00000166265,3,4,up,0.507999998412659,10.0,3,1.0,0
DACH2,ENSG00000126733,3,16,down,-0.651939698413979,10.0,3,1.0,0
DCHS2,ENSG00000197410,3,32,down,0.031257607068369324,10.0,2,1.0,1
DEDD,ENSG00000158796,3,11,up,0.0337193047192352,6.781348571955731,2,0.5,0
DGKI,ENSG00000157680,3,28,down,-0.36810618152249597,10.0,3,1.0,3
DLG2,ENSG00000150672,3,19,down,-0.23930638238413082,10.0,3,1.0,8
DOCK1,ENSG00000150760,3,1,up,0.20417633568312865,10.0,3,1.0,6
DOCK3,ENSG00000088538,3,1,down,-0.4060146532082074,8.945924714571229,2,1.0,4
DOCK4,ENSG00000128512,3,1,up,0.11375611770244116,10.0,2,1.0,6
DSG2,ENSG00000046604,3,11,up,-0.10825396254568932,9.2727579321714,2,0.5,1
DYSF,ENSG00000135636,3,32,up,0.16845984753897966,10.0,2,1.0,1
ECHDC3,ENSG00000134463,3,4,up,0.1604687347063336,10.0,3,1.0,0
EFL1,ENSG00000140598,3,32,down,-0.18292232117505264,4.587266737596608,3,0.6666666666666666,0
EGFLAM,ENSG00000164318,3,32,up,0.12785890784277937,8.610285779270713,2,1.0,0
EGFR,ENSG00000146648,3,33,up,0.25786666817585374,10.0,2,1.0,27
ELOVL3,ENSG00000119915,3,18,down,-0.03549838315047073,5.416524323241457,2,1.0,0
ENOPH1,ENSG00000145293,3,2,down,-0.30078439906523946,10.0,4,1.0,0
ETV1,ENSG00000006468,3,17,down,-0.17515251033119672,10.0,3,1.0,2
EXOC3L2,ENSG00000283632,3,32,up,0.13230158591858884,6.283717771042635,3,0.6666666666666666,0
EXOC4,ENSG00000131558,3,32,down,-0.1040930143338957,10.0,2,1.0,2
FABP6,ENSG00000170231,3,32,down,-0.2497259034264428,10.0,2,1.0,1
FAM135B,ENSG00000147724,3,18,down,-0.09613212793001684,5.545302422368664,2,1.0,0
FANCD2OS,ENSG00000163705,3,18,up,0.1092101709889968,6.670607849930782,2,1.0,0
FAR2,ENSG00000064763,3,16,down,-0.519715102947568,10.0,3,1.0,0
FARP1,ENSG00000152767,3,1,up,0.15835598347188526,10.0,2,0.5,4
FBP1,ENSG00000165140,3,32,up,-0.021041009768320497,10.0,2,1.0,2
FBXL7,ENSG00000183580,3,3,up,0.20785372086120116,10.0,3,1.0,2
FBXO40,ENSG00000163833,3,3,down,-0.20555324315584284,2.6165513834234426,2,1.0,2
FLNB,ENSG00000136068,3,32,up,0.09745977948039974,10.0,2,1.0,1
FOXP2,ENSG00000128573,3,0,down,-0.09011939043856317,10.0,2,1.0,5
FRMD4B,ENSG00000114541,3,18,up,0.22173616513175476,4.7108218778435695,2,1.0,0
FSTL5,ENSG00000168843,3,6,down,-0.2864762030655512,10.0,3,1.0,0
GABRG3,ENSG00000182256,3,23,down,-0.09826378698114083,10.0,2,1.0,7
GALNT15,ENSG00000131386,3,4,up,0.2666036801968486,10.0,3,1.0,0
GATAD2A,ENSG00000167491,3,32,up,0.2528227816549878,10.0,4,1.0,5
GEMIN7,ENSG00000142252,3,32,down,-0.19828859626985498,6.570110689807731,3,0.6666666666666666,1
GNPNAT1,ENSG00000100522,3,11,up,-0.09141517425606809,5.440744040974965,2,0.5,0
GPR141,ENSG00000187037,3,32,down,4.9497074975746874e-05,5.72074543179578,3,0.6666666666666666,0
GRIK2,ENSG00000164418,3,23,down,-0.2524260367789991,10.0,2,1.0,4
GRIN3B,ENSG00000116032,3,-1,up,-0.14332495280223947,2.5022560216527667,2,0.5,7
GRK5,ENSG00000198873,3,32,up,0.08504761769931372,6.644242872870486,3,0.6666666666666666,3
GRM8,ENSG00000179603,3,32,down,-0.17246314681050073,10.0,2,1.0,2
H4C8,ENSG00000158406,3,0,up,0.0328148603037045,10.0,2,1.0,15
HACL1,ENSG00000131373,3,2,down,-0.44129915275791537,10.0,4,1.0,0
HBEGF,ENSG00000113070,3,33,up,0.019271182074555995,10.0,2,1.0,14
HCN1,ENSG00000164588,3,19,down,-0.20411388928077123,10.0,2,1.0,1
HDAC9,ENSG00000048052,3,18,down,-0.08438665974605253,3.849789408858544,2,1.0,4
ICE1,ENSG00000164151,3,2,down,-0.20976713577463812,8.65771081928171,4,1.0,0
IMMP2L,ENSG00000184903,3,6,down,-0.17885444037004325,10.0,3,1.0,0
IQCK,ENSG00000174628,3,5,up,0.09761430122190239,10.0,4,0.5,0
IQGAP2,ENSG00000145703,3,1,up,0.13162659156014164,10.0,2,1.0,7
KAZN,ENSG00000189337,3,18,up,0.23135112688950873,5.389554065490423,2,1.0,0
KCNH1,ENSG00000143473,3,19,down,-0.3456140854428072,10.0,3,1.0,2
KCNN2,ENSG00000080709,3,19,down,-0.23615482834291213,10.0,3,1.0,1
KLHL29,ENSG00000119771,3,6,down,-0.20833084575229846,10.0,3,1.0,0
KRAS,ENSG00000133703,3,-1,down,-0.2121581327093161,10.0,2,1.0,31
LILRA5,ENSG00000187116,3,4,up,0.1130007337895302,10.0,3,1.0,3
LIN9,ENSG00000183814,3,32,up,0.12880272330181322,10.0,2,1.0,0
LINC03122,ENSG00000178722,3,32,down,-0.009356315732559496,8.068222537571916,2,1.0,0
LINGO1,ENSG00000169783,3,6,down,-0.2443590894384029,10.0,3,1.0,1
LINGO2,ENSG00000174482,3,30,down,-0.1840261112904284,10.0,3,0.6666666666666666,0
LRFN2,ENSG00000156564,3,20,down,-0.2339856726407869,10.0,3,1.0,2
LRP1B,ENSG00000168702,3,11,up,0.09732126573768263,4.781665577751701,2,0.5,0
LRRC4C,ENSG00000148948,3,29,down,-0.3053996671213477,10.0,3,1.0,3
LSAMP,ENSG00000185565,3,18,up,0.09258380076146956,4.0338793592304905,2,1.0,0
LTBP1,ENSG00000049323,3,30,up,0.18547267647527135,10.0,3,0.6666666666666666,2
LUZP2,ENSG00000187398,3,11,up,0.03465801214845622,2.5311247219571715,2,0.5,0
MACROD2,ENSG00000172264,3,32,down,-0.13535290051423024,3.42719116583356,3,0.6666666666666666,0
MAD1L1,ENSG00000002822,3,11,up,-0.19938311264248756,4.7543924213049875,2,0.5,2
MAGI2,ENSG00000187391,3,32,down,-0.12296425083867503,10.0,2,1.0,5
MAP4K4,ENSG00000071054,3,2,up,0.3922527897717351,10.0,4,1.0,1
MECOM,ENSG00000085276,3,32,up,0.5135209854418034,9.696135916260372,2,1.0,5
MGMT,ENSG00000170430,3,9,down,-0.1795190722418504,3.6676969214682265,3,1.0,2
MIR646HG,ENSG00000228340,3,32,up,0.15318432599064966,8.797756270280503,2,1.0,0
MLLT3,ENSG00000171843,3,17,up,0.13098212702638629,10.0,3,1.0,1
MLPH,ENSG00000115648,3,32,up,0.18058332466464097,10.0,2,1.0,0
MS4A3,ENSG00000149516,3,30,down,0.055656433339917814,8.57577928564168,3,0.6666666666666666,1
MS4A6A,ENSG00000110077,3,5,up,0.3285684019513063,10.0,4,0.75,0
MSR1,ENSG00000038945,3,11,up,0.1074216319629098,7.38779259308604,2,0.5,0
MSRA,ENSG00000175806,3,5,down,-0.20272438201386267,10.0,4,0.75,0
MTMR2,ENSG00000087053,3,6,down,-0.15322024193998476,10.0,3,1.0,0
MYO16,ENSG00000041515,3,6,down,-0.2417694851185627,10.0,3,1.0,0
NCKAP5,ENSG00000176771,3,4,up,0.21008732733297705,10.0,3,1.0,0
NDUFA10,ENSG00000130414,3,8,down,-0.24958694764923642,10.0,3,0.6666666666666666,13
NECAB1,ENSG00000123119,3,16,down,-0.6040065662251767,10.0,3,1.0,0
NECTIN2,ENSG00000130202,3,0,up,0.1919053306550467,10.0,3,1.0,8
NEGR1,ENSG00000172260,3,32,down,-0.3319638446397207,10.0,2,1.0,2
NFIC,ENSG00000141905,3,2,up,0.5372957105090489,10.0,4,1.0,0
NKAIN2,ENSG00000188580,3,18,down,-0.26400461869075037,4.2398627877502415,2,1.0,0
NOTCH1,ENSG00000148400,3,32,up,0.461849429042926,10.0,4,1.0,7
NPY,ENSG00000122585,3,16,down,-0.4948736153084385,10.0,3,1.0,2
NRXN1,ENSG00000179915,3,20,down,-0.3192168697897035,10.0,2,1.0,4
NTM,ENSG00000182667,3,32,down,-0.04383591511427623,10.0,2,1.0,0
OARD1,ENSG00000124596,3,32,down,-0.11709736336894452,10.0,2,1.0,0
OGA,ENSG00000198408,3,9,down,-0.2364688421227295,4.653538291652543,3,1.0,0
OSBP2,ENSG00000184792,3,4,up,0.3559232370091096,8.34141001740495,3,1.0,0
PAK2,ENSG00000180370,3,1,up,0.1679989223840542,10.0,2,1.0,15
PCSK5,ENSG00000099139,3,2,up,0.4059027161061221,10.0,4,1.0,1
PDE10A,ENSG00000112541,3,11,up,-0.24305450725310718,10.0,2,0.5,1
PDE4D,ENSG00000113448,3,11,down,-0.1089524900392597,7.19111180868109,3,0.6666666666666666,1
PDS5B,ENSG00000083642,3,2,down,-0.2396805553250354,10.0,4,1.0,0
PFDN1,ENSG00000113068,3,2,down,-0.4047293593746161,10.0,4,1.0,0
PILRA,ENSG00000085514,3,4,up,0.12998720195326957,10.0,3,1.0,1
PIWIL1,ENSG00000125207,3,11,up,0.042619939342578496,8.295303021308413,2,0.5,0
PLCL1,ENSG00000115896,3,32,down,-0.0745515591716329,2.808909374758595,3,0.6666666666666666,0
PLEKHG1,ENSG00000120278,3,1,up,0.16624604180020716,10.0,3,1.0,3
PRDM9,ENSG00000164256,3,32,up,-0.022836565486758602,3.423611642588503,3,0.6666666666666666,2
PRKG1,ENSG00000185532,3,18,up,0.16242079739260173,7.027087326766913,2,1.0,3
PTPRD,ENSG00000153707,3,20,up,-0.013862827426961391,3.2221591233113216,3,0.6666666666666666,4
PTPRN2,ENSG00000155093,3,16,down,-0.4942079080781729,10.0,3,1.0,1
PUM3,ENSG00000080608,3,12,up,-0.04500076229837957,10.0,2,0.5,0
PWWP2A,ENSG00000170234,3,18,up,0.16082360304623522,5.807251656419215,2,1.0,0
RAD23B,ENSG00000119318,3,6,down,-0.2846474970327473,10.0,3,1.0,0
RAPSN,ENSG00000165917,3,12,up,0.026834411624050203,9.504339429832307,2,0.5,0
RBFOX1,ENSG00000078328,3,16,down,-0.3976767505677219,10.0,3,1.0,0
RBM34,ENSG00000188739,3,6,down,-0.054905935275138,9.427494754509734,3,1.0,0
RBMS3,ENSG00000144642,3,4,up,0.26664719293994343,10.0,3,1.0,0
RELB,ENSG00000104856,3,11,up,0.10054576272834245,4.176099467123209,2,0.5,3
RIMBP2,ENSG00000060709,3,16,down,-0.5778012090042919,10.0,3,1.0,0
ROBO1,ENSG00000169855,3,29,down,-0.1657633652513291,10.0,3,1.0,2
ROBO2,ENSG00000185008,3,29,down,-0.40589251321414854,10.0,3,1.0,2
RORA,ENSG00000069667,3,32,up,0.289399481815838,10.0,2,1.0,1
RPS6KA2,ENSG00000071242,3,23,up,0.09955859425357128,10.0,2,1.0,10
SDK1,ENSG00000146555,3,0,down,-0.026484435882649874,5.775100682290319,2,1.0,3
SLC24A2,ENSG00000155886,3,18,down,-0.12649550038812452,2.4460760940714557,2,1.0,0
SLC26A1,ENSG00000145217,3,4,up,0.17954335261325674,10.0,3,1.0,2
SLC2A13,ENSG00000151229,3,16,down,-0.3607106316918473,10.0,3,1.0,0
SLC52A3,ENSG00000101276,3,32,up,0.14216327694729997,10.0,2,1.0,0
SMARCA2,ENSG00000080503,3,6,down,-0.13684313200845424,10.0,3,1.0,5
SMARCA4,ENSG00000127616,3,0,down,-0.17308864920536468,10.0,2,1.0,12
SMARCC1,ENSG00000173473,3,4,up,0.27421007432107797,10.0,3,1.0,5
SMOX,ENSG00000088826,3,32,up,0.5140024984038595,10.0,2,1.0,0
SNX18,ENSG00000178996,3,4,up,0.17192318764024395,10.0,3,1.0,2
SPATC1,ENSG00000186583,3,32,down,0.09158671689317263,1.8139780169860835,3,0.6666666666666666,0
SPATS2,ENSG00000123352,3,12,up,0.006394360549845949,10.0,2,0.5,0
SQSTM1,ENSG00000161011,3,11,up,-0.053139659594974964,2.6398549352633625,2,0.5,10
ST18,ENSG00000147488,3,18,up,0.20124840843630756,3.461118945919419,2,1.0,0
STC1,ENSG00000159167,3,32,up,0.3037106467903163,10.0,2,1.0,0
STK24,ENSG00000102572,3,18,down,-0.08308254992877492,4.720615430483658,2,1.0,0
STK32B,ENSG00000152953,3,11,up,0.06198286105579113,7.3245697518324615,2,0.5,0
STMN4,ENSG00000015592,3,16,down,-0.4279005909784583,10.0,3,1.0,0
SYN2,ENSG00000157152,3,23,down,-0.670028779737935,10.0,2,1.0,2
TBXAS1,ENSG00000059377,3,32,up,0.09131072343382687,10.0,2,1.0,1
TENM2,ENSG00000145934,3,6,down,-0.21362582152230364,10.0,3,1.0,0
TENT5A,ENSG00000112773,3,4,up,0.2849204094154246,10.0,3,1.0,0
THSD7A,ENSG00000005108,3,32,up,0.0673672087473901,10.0,3,0.6666666666666666,1
TIMP2,ENSG00000035862,3,30,up,-0.06462903369417493,10.0,3,0.6666666666666666,5
TMEM132C,ENSG00000181234,3,18,up,0.08938640754682894,2.5851127757140544,2,1.0,0
TMEM132D,ENSG00000151952,3,16,down,-0.3700057321366008,10.0,3,1.0,0
TMEM163,ENSG00000152128,3,16,down,-0.3850543576450926,10.0,3,1.0,0
TMEM41B,ENSG00000166471,3,32,down,-0.05860494881407503,10.0,2,1.0,0
TMEM94,ENSG00000177728,3,32,up,0.03454915523959263,10.0,2,1.0,0
TOMM40,ENSG00000130204,3,32,down,-0.12875594502213514,10.0,2,1.0,2
TRPS1,ENSG00000104447,3,4,up,0.2364089356483688,10.0,3,1.0,0
TULP3,ENSG00000078246,3,30,up,0.15439947783351055,10.0,3,0.6666666666666666,0
TUSC1,ENSG00000198680,3,6,down,-0.21667895806979942,10.0,3,1.0,0
VTI1A,ENSG00000151532,3,4,up,0.34480300893945764,10.0,3,1.0,0
WDR70,ENSG00000082068,3,6,down,-0.3020515024159075,10.0,3,1.0,0
XRCC2,ENSG00000196584,3,30,up,0.3878530564368896,10.0,3,0.6666666666666666,0
YAP1,ENSG00000137693,3,4,up,0.6901545157077417,10.0,3,1.0,4
YTHDC2,ENSG00000047188,3,30,down,-0.10610913021028291,10.0,3,0.6666666666666666,0
YWHAQ,ENSG00000134308,3,32,down,-0.17726150649071035,10.0,2,1.0,5
ZBTB16,ENSG00000109906,3,3,up,0.20612210397201455,10.0,3,1.0,3
ZCWPW1,ENSG00000078487,3,32,up,0.11057425814944845,9.293815712262806,2,1.0,0
ZIC5,ENSG00000139800,3,12,up,0.016863960614223225,10.0,2,0.5,0
ZNF232,ENSG00000167840,3,11,up,-0.06180661313754548,5.812284527320185,2,0.5,0
ZNF462,ENSG00000148143,3,4,up,0.3580236172192382,10.0,3,1.0,0
ZNF652,ENSG00000198740,3,4,up,0.26225623742069554,10.0,3,1.0,0
ZNF689,ENSG00000156853,3,30,up,-0.006544758489234324,10.0,3,0.6666666666666666,0
