genotype,scenario,dose_ug,mthfr_efficiency,five_mthf_nM,umfa_nM,umfa_to_5mthf_ratio,delivery_fraction,delivery_pct,status
CC (wildtype),"No fortification (200 µg/d)",200,1.00,29.00,0.20,0.007,0.8657,86.6%,normal
CC (wildtype),"Fortified diet only (400 µg/d)",400,1.00,31.67,1.80,0.057,0.6574,65.7%,normal
CC (wildtype),"Fortified + prenatal (1000 µg/d)",1000,1.00,36.11,6.60,0.183,0.4075,40.8%,mild_insufficiency
CC (wildtype),"High-dose supplement (2000 µg/d)",2000,1.00,39.29,14.60,0.372,0.2588,25.9%,moderate_insufficiency
CC (wildtype),"Very high dose (4000 µg/d)",4000,1.00,41.67,30.60,0.734,0.1520,15.2%,moderate_insufficiency
CT (heterozygous),"No fortification (200 µg/d)",200,0.65,22.35,0.20,0.009,0.8324,83.2%,normal
CT (heterozygous),"Fortified diet only (400 µg/d)",400,0.65,24.08,1.91,0.079,0.5814,58.1%,normal
CT (heterozygous),"Fortified + prenatal (1000 µg/d)",1000,0.65,26.97,7.05,0.261,0.3256,32.6%,mild_insufficiency
CT (heterozygous),"High-dose supplement (2000 µg/d)",2000,0.65,29.04,15.61,0.538,0.1947,19.5%,moderate_insufficiency
CT (heterozygous),"Very high dose (4000 µg/d)",4000,0.65,30.58,32.73,1.070,0.1096,11.0%,severe_insufficiency
TT (homozygous),"No fortification (200 µg/d)",200,0.30,15.70,0.20,0.013,0.7772,77.7%,normal
TT (homozygous),"Fortified diet only (400 µg/d)",400,0.30,16.50,2.02,0.123,0.4758,47.6%,mild_insufficiency
TT (homozygous),"Fortified + prenatal (1000 µg/d)",1000,0.30,17.83,7.50,0.420,0.2314,23.1%,moderate_insufficiency
TT (homozygous),"High-dose supplement (2000 µg/d)",2000,0.30,18.79,16.62,0.885,0.1283,12.8%,severe_insufficiency
TT (homozygous),"Very high dose (4000 µg/d)",4000,0.30,19.50,34.86,1.787,0.0687,6.9%,severe_insufficiency
