run_i,run_j,n_genes_i,n_genes_j,n_intersection,n_union,jaccard
1,2,425,414,402,437,0.919908466819222
1,3,425,413,404,434,0.9308755760368663
1,4,425,418,407,436,0.9334862385321101
1,5,425,417,405,437,0.9267734553775744
1,6,425,428,414,439,0.9430523917995444
1,7,425,424,413,436,0.9472477064220184
1,8,425,422,406,441,0.9206349206349206
1,9,425,414,404,435,0.9287356321839081
1,10,425,424,413,436,0.9472477064220184
1,11,425,418,405,438,0.9246575342465754
1,12,425,425,412,438,0.9406392694063926
1,13,425,432,414,443,0.9345372460496614
1,14,425,431,415,441,0.9410430839002267
1,15,425,420,409,436,0.9380733944954128
1,16,425,418,404,439,0.9202733485193622
1,17,425,418,408,435,0.9379310344827586
1,18,425,420,407,438,0.9292237442922374
1,19,425,418,407,436,0.9334862385321101
1,20,425,418,405,438,0.9246575342465754
1,21,425,415,405,435,0.9310344827586207
1,22,425,421,409,437,0.9359267734553776
1,23,425,415,406,434,0.9354838709677419
1,24,425,420,404,441,0.9160997732426304
1,25,425,425,409,441,0.927437641723356
1,26,425,419,410,434,0.9447004608294931
1,27,425,423,411,437,0.9405034324942791
1,28,425,426,408,443,0.9209932279909706
1,29,425,420,409,436,0.9380733944954128
1,30,425,433,419,439,0.9544419134396356
1,31,425,434,419,440,0.9522727272727273
1,32,425,415,406,434,0.9354838709677419
1,33,425,420,409,436,0.9380733944954128
1,34,425,417,410,432,0.9490740740740741
1,35,425,413,408,430,0.9488372093023256
1,36,425,415,409,431,0.9489559164733179
1,37,425,411,401,435,0.9218390804597701
1,38,425,410,401,434,0.923963133640553
1,39,425,413,403,435,0.9264367816091954
1,40,425,419,412,432,0.9537037037037037
1,41,425,422,410,437,0.9382151029748284
1,42,425,419,407,437,0.931350114416476
1,43,425,424,414,435,0.9517241379310345
1,44,425,426,413,438,0.9429223744292238
1,45,425,427,413,439,0.9407744874715261
1,46,425,422,409,438,0.9337899543378996
1,47,425,417,405,437,0.9267734553775744
1,48,425,421,407,439,0.9271070615034168
1,49,425,419,403,441,0.9138321995464853
1,50,425,425,412,438,0.9406392694063926
2,3,414,413,400,427,0.936768149882904
2,4,414,418,395,437,0.9038901601830663
2,5,414,417,393,438,0.8972602739726028
2,6,414,428,402,440,0.9136363636363637
2,7,414,424,399,439,0.908883826879271
2,8,414,422,399,437,0.9130434782608695
2,9,414,414,389,439,0.8861047835990888
2,10,414,424,400,438,0.91324200913242
2,11,414,418,394,438,0.8995433789954338
2,12,414,425,400,439,0.9111617312072893
2,13,414,432,403,443,0.909706546275395
2,14,414,431,403,442,0.9117647058823529
2,15,414,420,397,437,0.9084668192219679
2,16,414,418,400,432,0.9259259259259259
2,17,414,418,397,435,0.9126436781609195
2,18,414,420,398,436,0.9128440366972477
2,19,414,418,397,435,0.9126436781609195
2,20,414,418,393,439,0.8952164009111617
2,21,414,415,394,435,0.9057471264367816
2,22,414,421,398,437,0.9107551487414187
2,23,414,415,396,433,0.9145496535796767
2,24,414,420,391,443,0.8826185101580135
2,25,414,425,397,442,0.8981900452488688
2,26,414,419,399,434,0.9193548387096774
2,27,414,423,399,438,0.910958904109589
2,28,414,426,397,443,0.8961625282167043
2,29,414,420,395,439,0.8997722095671982
2,30,414,433,405,442,0.916289592760181
2,31,414,434,403,445,0.9056179775280899
2,32,414,415,394,435,0.9057471264367816
2,33,414,420,400,434,0.9216589861751152
2,34,414,417,395,436,0.9059633027522935
2,35,414,413,397,430,0.9232558139534883
2,36,414,415,390,439,0.8883826879271071
2,37,414,411,395,430,0.9186046511627907
2,38,414,410,390,434,0.8986175115207373
2,39,414,413,391,436,0.8967889908256881
2,40,414,419,397,436,0.9105504587155964
2,41,414,422,396,440,0.9
2,42,414,419,398,435,0.9149425287356322
2,43,414,424,405,433,0.9353348729792148
2,44,414,426,400,440,0.9090909090909091
2,45,414,427,403,438,0.9200913242009132
2,46,414,422,396,440,0.9
2,47,414,417,392,439,0.8929384965831435
2,48,414,421,395,440,0.8977272727272727
2,49,414,419,393,440,0.8931818181818182
2,50,414,425,398,441,0.9024943310657596
3,4,413,418,398,433,0.9191685912240185
3,5,413,417,394,436,0.9036697247706422
3,6,413,428,406,435,0.9333333333333333
3,7,413,424,406,431,0.9419953596287703
3,8,413,422,399,436,0.9151376146788991
3,9,413,414,394,433,0.9099307159353349
3,10,413,424,402,435,0.9241379310344827
3,11,413,418,401,430,0.9325581395348838
3,12,413,425,404,434,0.9308755760368663
3,13,413,432,409,436,0.9380733944954128
3,14,413,431,409,435,0.9402298850574713
3,15,413,420,404,429,0.9417249417249417
3,16,413,418,396,435,0.9103448275862069
3,17,413,418,402,429,0.9370629370629371
3,18,413,420,398,435,0.9149425287356322
3,19,413,418,403,428,0.9415887850467289
3,20,413,418,395,436,0.9059633027522935
3,21,413,415,398,430,0.9255813953488372
3,22,413,421,400,434,0.9216589861751152
3,23,413,415,401,427,0.9391100702576113
3,24,413,420,396,437,0.9061784897025171
3,25,413,425,403,435,0.9264367816091954
3,26,413,419,406,426,0.9530516431924883
3,27,413,423,408,428,0.9532710280373832
3,28,413,426,403,436,0.9243119266055045
3,29,413,420,397,436,0.9105504587155964
3,30,413,433,408,438,0.9315068493150684
3,31,413,434,409,438,0.9337899543378996
3,32,413,415,397,431,0.9211136890951276
3,33,413,420,403,430,0.9372093023255814
3,34,413,417,399,431,0.925754060324826
3,35,413,413,402,424,0.9481132075471698
3,36,413,415,400,428,0.9345794392523364
3,37,413,411,397,427,0.9297423887587822
3,38,413,410,397,426,0.931924882629108
3,39,413,413,397,429,0.9254079254079254
3,40,413,419,402,430,0.9348837209302325
3,41,413,422,399,436,0.9151376146788991
3,42,413,419,399,433,0.9214780600461894
3,43,413,424,405,432,0.9375
3,44,413,426,403,436,0.9243119266055045
3,45,413,427,409,431,0.9489559164733179
3,46,413,422,403,432,0.9328703703703703
3,47,413,417,397,433,0.9168591224018475
3,48,413,421,401,433,0.9260969976905312
3,49,413,419,401,431,0.9303944315545244
3,50,413,425,398,440,0.9045454545454545
4,5,418,417,403,432,0.9328703703703703
4,6,418,428,410,436,0.9403669724770642
4,7,418,424,407,435,0.9356321839080459
4,8,418,422,400,440,0.9090909090909091
4,9,418,414,399,433,0.9214780600461894
4,10,418,424,409,433,0.9445727482678984
4,11,418,418,402,434,0.9262672811059908
4,12,418,425,413,430,0.9604651162790697
4,13,418,432,415,435,0.9540229885057471
4,14,418,431,410,439,0.9339407744874715
4,15,418,420,407,431,0.9443155452436195
4,16,418,418,403,433,0.930715935334873
4,17,418,418,405,431,0.9396751740139211
4,18,418,420,404,434,0.9308755760368663
4,19,418,418,402,434,0.9262672811059908
4,20,418,418,402,434,0.9262672811059908
4,21,418,415,399,434,0.9193548387096774
4,22,418,421,405,434,0.9331797235023042
4,23,418,415,402,431,0.9327146171693735
4,24,418,420,402,436,0.9220183486238532
4,25,418,425,408,435,0.9379310344827586
4,26,418,419,406,431,0.9419953596287703
4,27,418,423,407,434,0.9377880184331797
4,28,418,426,410,434,0.9447004608294931
4,29,418,420,404,434,0.9308755760368663
4,30,418,433,415,436,0.9518348623853211
4,31,418,434,414,438,0.9452054794520548
4,32,418,415,403,430,0.9372093023255814
4,33,418,420,409,429,0.9533799533799534
4,34,418,417,403,432,0.9328703703703703
4,35,418,413,400,431,0.9280742459396751
4,36,418,415,402,431,0.9327146171693735
4,37,418,411,398,431,0.9234338747099768
4,38,418,410,400,428,0.9345794392523364
4,39,418,413,403,428,0.9415887850467289
4,40,418,419,405,432,0.9375
4,41,418,422,406,434,0.9354838709677419
4,42,418,419,403,434,0.9285714285714286
4,43,418,424,405,437,0.9267734553775744
4,44,418,426,410,434,0.9447004608294931
4,45,418,427,410,435,0.9425287356321839
4,46,418,422,404,436,0.926605504587156
4,47,418,417,401,434,0.923963133640553
4,48,418,421,407,432,0.9421296296296297
4,49,418,419,401,436,0.9197247706422018
4,50,418,425,409,434,0.9423963133640553
5,6,417,428,411,434,0.9470046082949308
5,7,417,424,404,437,0.9244851258581236
5,8,417,422,398,441,0.9024943310657596
5,9,417,414,397,434,0.9147465437788018
5,10,417,424,407,434,0.9377880184331797
5,11,417,418,405,430,0.9418604651162791
5,12,417,425,408,434,0.9400921658986175
5,13,417,432,407,442,0.920814479638009
5,14,417,431,410,438,0.9360730593607306
5,15,417,420,404,433,0.9330254041570438
5,16,417,418,402,433,0.9284064665127021
5,17,417,418,400,435,0.9195402298850575
5,18,417,420,400,437,0.9153318077803204
5,19,417,418,399,436,0.9151376146788991
5,20,417,418,400,435,0.9195402298850575
5,21,417,415,398,434,0.9170506912442397
5,22,417,421,399,439,0.908883826879271
5,23,417,415,401,431,0.9303944315545244
5,24,417,420,402,435,0.9241379310344827
5,25,417,425,404,438,0.9223744292237442
5,26,417,419,404,432,0.9351851851851852
5,27,417,423,405,435,0.9310344827586207
5,28,417,426,403,440,0.9159090909090909
5,29,417,420,406,431,0.9419953596287703
5,30,417,433,412,438,0.9406392694063926
5,31,417,434,413,438,0.9429223744292238
5,32,417,415,402,430,0.9348837209302325
5,33,417,420,407,430,0.9465116279069767
5,34,417,417,401,433,0.9260969976905312
5,35,417,413,397,433,0.9168591224018475
5,36,417,415,401,431,0.9303944315545244
5,37,417,411,397,431,0.9211136890951276
5,38,417,410,391,436,0.8967889908256881
5,39,417,413,395,435,0.9080459770114943
5,40,417,419,402,434,0.9262672811059908
5,41,417,422,401,438,0.9155251141552512
5,42,417,419,399,437,0.9130434782608695
5,43,417,424,406,435,0.9333333333333333
5,44,417,426,408,435,0.9379310344827586
5,45,417,427,408,436,0.9357798165137615
5,46,417,422,404,435,0.9287356321839081
5,47,417,417,399,435,0.9172413793103448
5,48,417,421,408,430,0.9488372093023256
5,49,417,419,401,435,0.9218390804597701
5,50,417,425,403,439,0.9179954441913439
6,7,428,424,416,436,0.9541284403669725
6,8,428,422,413,437,0.9450800915331807
6,9,428,414,409,433,0.9445727482678984
6,10,428,424,416,436,0.9541284403669725
6,11,428,418,413,433,0.953810623556582
6,12,428,425,419,434,0.9654377880184332
6,13,428,432,418,442,0.9457013574660633
6,14,428,431,419,440,0.9522727272727273
6,15,428,420,416,432,0.9629629629629629
6,16,428,418,409,437,0.9359267734553776
6,17,428,418,412,434,0.9493087557603687
6,18,428,420,409,439,0.9316628701594533
6,19,428,418,407,439,0.9271070615034168
6,20,428,418,410,436,0.9403669724770642
6,21,428,415,412,431,0.9559164733178654
6,22,428,421,411,438,0.9383561643835616
6,23,428,415,408,435,0.9379310344827586
6,24,428,420,412,436,0.944954128440367
6,25,428,425,415,438,0.9474885844748858
6,26,428,419,414,433,0.9561200923787528
6,27,428,423,414,437,0.9473684210526315
6,28,428,426,412,442,0.9321266968325792
6,29,428,420,411,437,0.9405034324942791
6,30,428,433,421,440,0.9568181818181818
6,31,428,434,425,437,0.9725400457665904
6,32,428,415,409,434,0.9423963133640553
6,33,428,420,414,434,0.9539170506912442
6,34,428,417,408,437,0.9336384439359268
6,35,428,413,408,433,0.9422632794457275
6,36,428,415,410,433,0.9468822170900693
6,37,428,411,409,430,0.9511627906976744
6,38,428,410,404,434,0.9308755760368663
6,39,428,413,407,434,0.9377880184331797
6,40,428,419,414,433,0.9561200923787528
6,41,428,422,411,439,0.9362186788154897
6,42,428,419,411,436,0.9426605504587156
6,43,428,424,415,437,0.9496567505720824
6,44,428,426,416,438,0.9497716894977168
6,45,428,427,419,436,0.9610091743119266
6,46,428,422,417,433,0.9630484988452656
6,47,428,417,407,438,0.9292237442922374
6,48,428,421,413,436,0.9472477064220184
6,49,428,419,411,436,0.9426605504587156
6,50,428,425,412,441,0.9342403628117913
7,8,424,422,410,436,0.9403669724770642
7,9,424,414,404,434,0.9308755760368663
7,10,424,424,412,436,0.944954128440367
7,11,424,418,410,432,0.9490740740740741
7,12,424,425,411,438,0.9383561643835616
7,13,424,432,416,440,0.9454545454545454
7,14,424,431,419,436,0.9610091743119266
7,15,424,420,411,433,0.9491916859122402
7,16,424,418,402,440,0.9136363636363637
7,17,424,418,413,429,0.9627039627039627
7,18,424,420,407,437,0.931350114416476
7,19,424,418,410,432,0.9490740740740741
7,20,424,418,409,433,0.9445727482678984
7,21,424,415,406,433,0.9376443418013857
7,22,424,421,411,434,0.9470046082949308
7,23,424,415,408,431,0.9466357308584686
7,24,424,420,406,438,0.9269406392694064
7,25,424,425,414,435,0.9517241379310345
7,26,424,419,407,436,0.9334862385321101
7,27,424,423,414,433,0.9561200923787528
7,28,424,426,407,443,0.9187358916478555
7,29,424,420,408,436,0.9357798165137615
7,30,424,433,420,437,0.9610983981693364
7,31,424,434,420,438,0.958904109589041
7,32,424,415,404,435,0.9287356321839081
7,33,424,420,409,435,0.9402298850574713
7,34,424,417,409,432,0.9467592592592593
7,35,424,413,407,430,0.9465116279069767
7,36,424,415,409,430,0.9511627906976744
7,37,424,411,402,433,0.9284064665127021
7,38,424,410,404,430,0.9395348837209302
7,39,424,413,406,431,0.9419953596287703
7,40,424,419,414,429,0.965034965034965
7,41,424,422,406,440,0.9227272727272727
7,42,424,419,410,433,0.9468822170900693
7,43,424,424,413,435,0.9494252873563218
7,44,424,426,412,438,0.9406392694063926
7,45,424,427,413,438,0.9429223744292238
7,46,424,422,413,433,0.953810623556582
7,47,424,417,406,435,0.9333333333333333
7,48,424,421,410,435,0.9425287356321839
7,49,424,419,411,432,0.9513888888888888
7,50,424,425,407,442,0.920814479638009
8,9,422,414,398,438,0.908675799086758
8,10,422,424,404,442,0.9140271493212669
8,11,422,418,406,434,0.9354838709677419
8,12,422,425,408,439,0.929384965831435
8,13,422,432,408,446,0.9147982062780269
8,14,422,431,411,442,0.9298642533936652
8,15,422,420,405,437,0.9267734553775744
8,16,422,418,400,440,0.9090909090909091
8,17,422,418,401,439,0.9134396355353075
8,18,422,420,405,437,0.9267734553775744
8,19,422,418,402,438,0.9178082191780822
8,20,422,418,397,443,0.8961625282167043
8,21,422,415,406,431,0.9419953596287703
8,22,422,421,405,438,0.9246575342465754
8,23,422,415,400,437,0.9153318077803204
8,24,422,420,401,441,0.909297052154195
8,25,422,425,410,437,0.9382151029748284
8,26,422,419,402,439,0.9157175398633257
8,27,422,423,406,439,0.9248291571753986
8,28,422,426,402,446,0.9013452914798207
8,29,422,420,401,441,0.909297052154195
8,30,422,433,412,443,0.9300225733634312
8,31,422,434,413,443,0.9322799097065463
8,32,422,415,398,439,0.9066059225512528
8,33,422,420,402,440,0.9136363636363637
8,34,422,417,404,435,0.9287356321839081
8,35,422,413,398,437,0.9107551487414187
8,36,422,415,402,435,0.9241379310344827
8,37,422,411,399,434,0.9193548387096774
8,38,422,410,400,432,0.9259259259259259
8,39,422,413,399,436,0.9151376146788991
8,40,422,419,405,436,0.9288990825688074
8,41,422,422,400,444,0.9009009009009009
8,42,422,419,410,431,0.951276102088167
8,43,422,424,410,436,0.9403669724770642
8,44,422,426,406,442,0.918552036199095
8,45,422,427,409,440,0.9295454545454546
8,46,422,422,406,438,0.9269406392694064
8,47,422,417,401,438,0.9155251141552512
8,48,422,421,404,439,0.9202733485193622
8,49,422,419,402,439,0.9157175398633257
8,50,422,425,403,444,0.9076576576576577
9,10,414,424,405,433,0.9353348729792148
9,11,414,418,402,430,0.9348837209302325
9,12,414,425,410,429,0.9557109557109557
9,13,414,432,407,439,0.9271070615034168
9,14,414,431,405,440,0.9204545454545454
9,15,414,420,405,429,0.9440559440559441
9,16,414,418,399,433,0.9214780600461894
9,17,414,418,401,431,0.9303944315545244
9,18,414,420,398,436,0.9128440366972477
9,19,414,418,398,434,0.9170506912442397
9,20,414,418,397,435,0.9126436781609195
9,21,414,415,399,430,0.9279069767441861
9,22,414,421,399,436,0.9151376146788991
9,23,414,415,397,432,0.9189814814814815
9,24,414,420,400,434,0.9216589861751152
9,25,414,425,402,437,0.919908466819222
9,26,414,419,404,429,0.9417249417249417
9,27,414,423,401,436,0.9197247706422018
9,28,414,426,403,437,0.9221967963386728
9,29,414,420,398,436,0.9128440366972477
9,30,414,433,408,439,0.929384965831435
9,31,414,434,413,435,0.9494252873563218
9,32,414,415,400,429,0.9324009324009324
9,33,414,420,403,431,0.9350348027842227
9,34,414,417,402,429,0.9370629370629371
9,35,414,413,396,431,0.9187935034802784
9,36,414,415,397,432,0.9189814814814815
9,37,414,411,394,431,0.91415313225058
9,38,414,410,395,429,0.9207459207459208
9,39,414,413,399,428,0.9322429906542056
9,40,414,419,403,430,0.9372093023255814
9,41,414,422,408,428,0.9532710280373832
9,42,414,419,403,430,0.9372093023255814
9,43,414,424,402,436,0.9220183486238532
9,44,414,426,407,433,0.9399538106235565
9,45,414,427,406,435,0.9333333333333333
9,46,414,422,406,430,0.9441860465116279
9,47,414,417,397,434,0.9147465437788018
9,48,414,421,399,436,0.9151376146788991
9,49,414,419,399,434,0.9193548387096774
9,50,414,425,403,436,0.9243119266055045
10,11,424,418,407,435,0.9356321839080459
10,12,424,425,414,435,0.9517241379310345
10,13,424,432,415,441,0.9410430839002267
10,14,424,431,416,439,0.9476082004555809
10,15,424,420,410,434,0.9447004608294931
10,16,424,418,408,434,0.9400921658986175
10,17,424,418,411,431,0.9535962877030162
10,18,424,420,406,438,0.9269406392694064
10,19,424,418,407,435,0.9356321839080459
10,20,424,418,410,432,0.9490740740740741
10,21,424,415,406,433,0.9376443418013857
10,22,424,421,408,437,0.9336384439359268
10,23,424,415,407,432,0.9421296296296297
10,24,424,420,410,434,0.9447004608294931
10,25,424,425,411,438,0.9383561643835616
10,26,424,419,409,434,0.9423963133640553
10,27,424,423,410,437,0.9382151029748284
10,28,424,426,411,439,0.9362186788154897
10,29,424,420,409,435,0.9402298850574713
10,30,424,433,419,438,0.95662100456621
10,31,424,434,420,438,0.958904109589041
10,32,424,415,409,430,0.9511627906976744
10,33,424,420,413,431,0.9582366589327146
10,34,424,417,408,433,0.9422632794457275
10,35,424,413,406,431,0.9419953596287703
10,36,424,415,409,430,0.9511627906976744
10,37,424,411,401,434,0.923963133640553
10,38,424,410,400,434,0.9216589861751152
10,39,424,413,405,432,0.9375
10,40,424,419,414,429,0.965034965034965
10,41,424,422,410,436,0.9403669724770642
10,42,424,419,408,435,0.9379310344827586
10,43,424,424,411,437,0.9405034324942791
10,44,424,426,413,437,0.9450800915331807
10,45,424,427,415,436,0.9518348623853211
10,46,424,422,410,436,0.9403669724770642
10,47,424,417,405,436,0.9288990825688074
10,48,424,421,410,435,0.9425287356321839
10,49,424,419,410,433,0.9468822170900693
10,50,424,425,412,437,0.9427917620137299
11,12,418,425,410,433,0.9468822170900693
11,13,418,432,410,440,0.9318181818181818
11,14,418,431,413,436,0.9472477064220184
11,15,418,420,406,432,0.9398148148148148
11,16,418,418,401,435,0.9218390804597701
11,17,418,418,401,435,0.9218390804597701
11,18,418,420,403,435,0.9264367816091954
11,19,418,418,405,431,0.9396751740139211
11,20,418,418,399,437,0.9130434782608695
11,21,418,415,405,428,0.9462616822429907
11,22,418,421,402,437,0.919908466819222
11,23,418,415,406,427,0.9508196721311475
11,24,418,420,404,434,0.9308755760368663
11,25,418,425,410,433,0.9468822170900693
11,26,418,419,408,429,0.951048951048951
11,27,418,423,407,434,0.9377880184331797
11,28,418,426,405,439,0.9225512528473804
11,29,418,420,402,436,0.9220183486238532
11,30,418,433,413,438,0.9429223744292238
11,31,418,434,415,437,0.9496567505720824
11,32,418,415,402,431,0.9327146171693735
11,33,418,420,408,430,0.9488372093023256
11,34,418,417,404,431,0.9373549883990719
11,35,418,413,399,432,0.9236111111111112
11,36,418,415,401,432,0.9282407407407407
11,37,418,411,397,432,0.9189814814814815
11,38,418,410,400,428,0.9345794392523364
11,39,418,413,399,432,0.9236111111111112
11,40,418,419,407,430,0.9465116279069767
11,41,418,422,402,438,0.9178082191780822
11,42,418,419,406,431,0.9419953596287703
11,43,418,424,407,435,0.9356321839080459
11,44,418,426,407,437,0.931350114416476
11,45,418,427,412,433,0.9515011547344111
11,46,418,422,407,433,0.9399538106235565
11,47,418,417,402,433,0.9284064665127021
11,48,418,421,411,428,0.9602803738317757
11,49,418,419,407,430,0.9465116279069767
11,50,418,425,403,440,0.9159090909090909
12,13,425,432,418,439,0.9521640091116174
12,14,425,431,415,441,0.9410430839002267
12,15,425,420,416,429,0.9696969696969697
12,16,425,418,409,434,0.9423963133640553
12,17,425,418,409,434,0.9423963133640553
12,18,425,420,408,437,0.9336384439359268
12,19,425,418,407,436,0.9334862385321101
12,20,425,418,406,437,0.9290617848970252
12,21,425,415,408,432,0.9444444444444444
12,22,425,421,409,437,0.9359267734553776
12,23,425,415,407,433,0.9399538106235565
12,24,425,420,409,436,0.9380733944954128
12,25,425,425,413,437,0.9450800915331807
12,26,425,419,414,430,0.9627906976744186
12,27,425,423,412,436,0.944954128440367
12,28,425,426,413,438,0.9429223744292238
12,29,425,420,409,436,0.9380733944954128
12,30,425,433,418,440,0.95
12,31,425,434,422,437,0.965675057208238
12,32,425,415,406,434,0.9354838709677419
12,33,425,420,412,433,0.9515011547344111
12,34,425,417,408,434,0.9400921658986175
12,35,425,413,406,432,0.9398148148148148
12,36,425,415,405,435,0.9310344827586207
12,37,425,411,404,432,0.9351851851851852
12,38,425,410,404,431,0.9373549883990719
12,39,425,413,406,432,0.9398148148148148
12,40,425,419,409,435,0.9402298850574713
12,41,425,422,410,437,0.9382151029748284
12,42,425,419,409,435,0.9402298850574713
12,43,425,424,411,438,0.9383561643835616
12,44,425,426,417,434,0.9608294930875576
12,45,425,427,416,436,0.9541284403669725
12,46,425,422,413,434,0.9516129032258065
12,47,425,417,406,436,0.9311926605504587
12,48,425,421,411,435,0.9448275862068966
12,49,425,419,406,438,0.9269406392694064
12,50,425,425,414,436,0.9495412844036697
13,14,432,431,420,443,0.9480812641083521
13,15,432,420,416,436,0.9541284403669725
13,16,432,418,409,441,0.927437641723356
13,17,432,418,414,436,0.9495412844036697
13,18,432,420,410,442,0.9276018099547512
13,19,432,418,409,441,0.927437641723356
13,20,432,418,409,441,0.927437641723356
13,21,432,415,407,440,0.925
13,22,432,421,410,443,0.9255079006772009
13,23,432,415,407,440,0.925
13,24,432,420,410,442,0.9276018099547512
13,25,432,425,413,444,0.9301801801801802
13,26,432,419,414,437,0.9473684210526315
13,27,432,423,414,441,0.9387755102040817
13,28,432,426,416,442,0.9411764705882353
13,29,432,420,410,442,0.9276018099547512
13,30,432,433,423,442,0.9570135746606335
13,31,432,434,424,442,0.9592760180995475
13,32,432,415,408,439,0.929384965831435
13,33,432,420,415,437,0.9496567505720824
13,34,432,417,409,440,0.9295454545454546
13,35,432,413,407,438,0.9292237442922374
13,36,432,415,408,439,0.929384965831435
13,37,432,411,406,437,0.9290617848970252
13,38,432,410,406,436,0.9311926605504587
13,39,432,413,406,439,0.9248291571753986
13,40,432,419,412,439,0.9384965831435079
13,41,432,422,411,443,0.927765237020316
13,42,432,419,409,442,0.9253393665158371
13,43,432,424,412,444,0.9279279279279279
13,44,432,426,417,441,0.9455782312925171
13,45,432,427,419,440,0.9522727272727273
13,46,432,422,412,442,0.9321266968325792
13,47,432,417,407,442,0.920814479638009
13,48,432,421,411,442,0.9298642533936652
13,49,432,419,409,442,0.9253393665158371
13,50,432,425,415,442,0.9389140271493213
14,15,431,420,410,441,0.9297052154195011
14,16,431,418,409,440,0.9295454545454546
14,17,431,418,412,437,0.9427917620137299
14,18,431,420,413,438,0.9429223744292238
14,19,431,418,412,437,0.9427917620137299
14,20,431,418,407,442,0.920814479638009
14,21,431,415,410,436,0.9403669724770642
14,22,431,421,410,442,0.9276018099547512
14,23,431,415,410,436,0.9403669724770642
14,24,431,420,409,442,0.9253393665158371
14,25,431,425,416,440,0.9454545454545454
14,26,431,419,411,439,0.9362186788154897
14,27,431,423,417,437,0.954233409610984
14,28,431,426,415,442,0.9389140271493213
14,29,431,420,414,437,0.9473684210526315
14,30,431,433,422,442,0.9547511312217195
14,31,431,434,425,440,0.9659090909090909
14,32,431,415,409,437,0.9359267734553776
14,33,431,420,415,436,0.9518348623853211
14,34,431,417,414,434,0.9539170506912442
14,35,431,413,408,436,0.9357798165137615
14,36,431,415,412,434,0.9493087557603687
14,37,431,411,402,440,0.9136363636363637
14,38,431,410,405,436,0.9288990825688074
14,39,431,413,407,437,0.931350114416476
14,40,431,419,413,437,0.9450800915331807
14,41,431,422,414,439,0.9430523917995444
14,42,431,419,410,440,0.9318181818181818
14,43,431,424,414,441,0.9387755102040817
14,44,431,426,418,439,0.9521640091116174
14,45,431,427,420,438,0.958904109589041
14,46,431,422,415,438,0.9474885844748858
14,47,431,417,412,436,0.944954128440367
14,48,431,421,416,436,0.9541284403669725
14,49,431,419,414,436,0.9495412844036697
14,50,431,425,413,443,0.9322799097065463
15,16,420,418,402,436,0.9220183486238532
15,17,420,418,408,430,0.9488372093023256
15,18,420,420,403,437,0.9221967963386728
15,19,420,418,405,433,0.9353348729792148
15,20,420,418,404,434,0.9308755760368663
15,21,420,415,404,431,0.9373549883990719
15,22,420,421,407,434,0.9377880184331797
15,23,420,415,403,432,0.9328703703703703
15,24,420,420,406,434,0.9354838709677419
15,25,420,425,409,436,0.9380733944954128
15,26,420,419,410,429,0.9557109557109557
15,27,420,423,411,432,0.9513888888888888
15,28,420,426,406,440,0.9227272727272727
15,29,420,420,404,436,0.926605504587156
15,30,420,433,416,437,0.9519450800915332
15,31,420,434,417,437,0.954233409610984
15,32,420,415,403,432,0.9328703703703703
15,33,420,420,409,431,0.9489559164733179
15,34,420,417,403,434,0.9285714285714286
15,35,420,413,404,429,0.9417249417249417
15,36,420,415,404,431,0.9373549883990719
15,37,420,411,403,428,0.9415887850467289
15,38,420,410,400,430,0.9302325581395349
15,39,420,413,402,431,0.9327146171693735
15,40,420,419,409,430,0.9511627906976744
15,41,420,422,405,437,0.9267734553775744
15,42,420,419,407,432,0.9421296296296297
15,43,420,424,410,434,0.9447004608294931
15,44,420,426,411,435,0.9448275862068966
15,45,420,427,412,435,0.9471264367816092
15,46,420,422,410,432,0.9490740740740741
15,47,420,417,400,437,0.9153318077803204
15,48,420,421,405,436,0.9288990825688074
15,49,420,419,404,435,0.9287356321839081
15,50,420,425,407,438,0.9292237442922374
16,17,418,418,405,431,0.9396751740139211
16,18,418,420,404,434,0.9308755760368663
16,19,418,418,401,435,0.9218390804597701
16,20,418,418,399,437,0.9130434782608695
16,21,418,415,397,436,0.9105504587155964
16,22,418,421,404,435,0.9287356321839081
16,23,418,415,401,432,0.9282407407407407
16,24,418,420,399,439,0.908883826879271
16,25,418,425,401,442,0.9072398190045249
16,26,418,419,405,432,0.9375
16,27,418,423,405,436,0.9288990825688074
16,28,418,426,404,440,0.9181818181818182
16,29,418,420,401,437,0.9176201372997712
16,30,418,433,410,441,0.9297052154195011
16,31,418,434,412,440,0.9363636363636364
16,32,418,415,400,433,0.9237875288683602
16,33,418,420,408,430,0.9488372093023256
16,34,418,417,402,433,0.9284064665127021
16,35,418,413,398,433,0.9191685912240185
16,36,418,415,400,433,0.9237875288683602
16,37,418,411,396,433,0.9145496535796767
16,38,418,410,394,434,0.9078341013824884
16,39,418,413,401,430,0.9325581395348838
16,40,418,419,403,434,0.9285714285714286
16,41,418,422,404,436,0.926605504587156
16,42,418,419,405,432,0.9375
16,43,418,424,408,434,0.9400921658986175
16,44,418,426,407,437,0.931350114416476
16,45,418,427,407,438,0.9292237442922374
16,46,418,422,403,437,0.9221967963386728
16,47,418,417,397,438,0.906392694063927
16,48,418,421,406,433,0.9376443418013857
16,49,418,419,401,436,0.9197247706422018
16,50,418,425,407,436,0.9334862385321101
17,18,418,420,403,435,0.9264367816091954
17,19,418,418,405,431,0.9396751740139211
17,20,418,418,407,429,0.9487179487179487
17,21,418,415,399,434,0.9193548387096774
17,22,418,421,407,432,0.9421296296296297
17,23,418,415,401,432,0.9282407407407407
17,24,418,420,402,436,0.9220183486238532
17,25,418,425,406,437,0.9290617848970252
17,26,418,419,406,431,0.9419953596287703
17,27,418,423,410,431,0.951276102088167
17,28,418,426,406,438,0.9269406392694064
17,29,418,420,406,432,0.9398148148148148
17,30,418,433,416,435,0.9563218390804598
17,31,418,434,415,437,0.9496567505720824
17,32,418,415,400,433,0.9237875288683602
17,33,418,420,409,429,0.9533799533799534
17,34,418,417,404,431,0.9373549883990719
17,35,418,413,406,425,0.9552941176470588
17,36,418,415,404,429,0.9417249417249417
17,37,418,411,401,428,0.9369158878504673
17,38,418,410,398,430,0.9255813953488372
17,39,418,413,403,428,0.9415887850467289
17,40,418,419,409,428,0.955607476635514
17,41,418,422,405,435,0.9310344827586207
17,42,418,419,403,434,0.9285714285714286
17,43,418,424,409,433,0.9445727482678984
17,44,418,426,410,434,0.9447004608294931
17,45,418,427,409,436,0.9380733944954128
17,46,418,422,411,429,0.958041958041958
17,47,418,417,398,437,0.9107551487414187
17,48,418,421,404,435,0.9287356321839081
17,49,418,419,403,434,0.9285714285714286
17,50,418,425,405,438,0.9246575342465754
18,19,420,418,406,432,0.9398148148148148
18,20,420,418,401,437,0.9176201372997712
18,21,420,415,406,429,0.9463869463869464
18,22,420,421,406,435,0.9333333333333333
18,23,420,415,401,434,0.923963133640553
18,24,420,420,404,436,0.926605504587156
18,25,420,425,404,441,0.9160997732426304
18,26,420,419,405,434,0.9331797235023042
18,27,420,423,407,436,0.9334862385321101
18,28,420,426,408,438,0.9315068493150684
18,29,420,420,404,436,0.926605504587156
18,30,420,433,412,441,0.9342403628117913
18,31,420,434,413,441,0.9365079365079365
18,32,420,415,400,435,0.9195402298850575
18,33,420,420,408,432,0.9444444444444444
18,34,420,417,408,429,0.951048951048951
18,35,420,413,399,434,0.9193548387096774
18,36,420,415,403,432,0.9328703703703703
18,37,420,411,401,430,0.9325581395348838
18,38,420,410,398,432,0.9212962962962963
18,39,420,413,399,434,0.9193548387096774
18,40,420,419,403,436,0.9243119266055045
18,41,420,422,402,440,0.9136363636363637
18,42,420,419,408,431,0.9466357308584686
18,43,420,424,408,436,0.9357798165137615
18,44,420,426,408,438,0.9315068493150684
18,45,420,427,410,437,0.9382151029748284
18,46,420,422,404,438,0.9223744292237442
18,47,420,417,399,438,0.910958904109589
18,48,420,421,406,435,0.9333333333333333
18,49,420,419,406,433,0.9376443418013857
18,50,420,425,410,435,0.9425287356321839
19,20,418,418,398,438,0.908675799086758
19,21,418,415,403,430,0.9372093023255814
19,22,418,421,405,434,0.9331797235023042
19,23,418,415,406,427,0.9508196721311475
19,24,418,420,404,434,0.9308755760368663
19,25,418,425,409,434,0.9423963133640553
19,26,418,419,406,431,0.9419953596287703
19,27,418,423,412,429,0.9603729603729604
19,28,418,426,406,438,0.9269406392694064
19,29,418,420,402,436,0.9220183486238532
19,30,418,433,415,436,0.9518348623853211
19,31,418,434,411,441,0.9319727891156463
19,32,418,415,398,435,0.9149425287356322
19,33,418,420,408,430,0.9488372093023256
19,34,418,417,406,429,0.9463869463869464
19,35,418,413,402,429,0.9370629370629371
19,36,418,415,401,432,0.9282407407407407
19,37,418,411,398,431,0.9234338747099768
19,38,418,410,400,428,0.9345794392523364
19,39,418,413,400,431,0.9280742459396751
19,40,418,419,406,431,0.9419953596287703
19,41,418,422,405,435,0.9310344827586207
19,42,418,419,403,434,0.9285714285714286
19,43,418,424,407,435,0.9356321839080459
19,44,418,426,409,435,0.9402298850574713
19,45,418,427,408,437,0.9336384439359268
19,46,418,422,405,435,0.9310344827586207
19,47,418,417,399,436,0.9151376146788991
19,48,418,421,408,431,0.9466357308584686
19,49,418,419,407,430,0.9465116279069767
19,50,418,425,404,439,0.9202733485193622
20,21,418,415,398,435,0.9149425287356322
20,22,418,421,402,437,0.919908466819222
20,23,418,415,399,434,0.9193548387096774
20,24,418,420,402,436,0.9220183486238532
20,25,418,425,402,441,0.9115646258503401
20,26,418,419,401,436,0.9197247706422018
20,27,418,423,403,438,0.9200913242009132
20,28,418,426,404,440,0.9181818181818182
20,29,418,420,401,437,0.9176201372997712
20,30,418,433,411,440,0.9340909090909091
20,31,418,434,411,441,0.9319727891156463
20,32,418,415,398,435,0.9149425287356322
20,33,418,420,404,434,0.9308755760368663
20,34,418,417,398,437,0.9107551487414187
20,35,418,413,399,432,0.9236111111111112
20,36,418,415,402,431,0.9327146171693735
20,37,418,411,396,433,0.9145496535796767
20,38,418,410,392,436,0.8990825688073395
20,39,418,413,396,435,0.9103448275862069
20,40,418,419,405,432,0.9375
20,41,418,422,398,442,0.9004524886877828
20,42,418,419,399,438,0.910958904109589
20,43,418,424,405,437,0.9267734553775744
20,44,418,426,404,440,0.9181818181818182
20,45,418,427,408,437,0.9336384439359268
20,46,418,422,406,434,0.9354838709677419
20,47,418,417,396,439,0.9020501138952164
20,48,418,421,400,439,0.9111617312072893
20,49,418,419,403,434,0.9285714285714286
20,50,418,425,404,439,0.9202733485193622
21,22,415,421,402,434,0.9262672811059908
21,23,415,415,401,429,0.9347319347319347
21,24,415,420,404,431,0.9373549883990719
21,25,415,425,406,434,0.9354838709677419
21,26,415,419,404,430,0.9395348837209302
21,27,415,423,403,435,0.9264367816091954
21,28,415,426,405,436,0.9288990825688074
21,29,415,420,400,435,0.9195402298850575
21,30,415,433,410,438,0.9360730593607306
21,31,415,434,414,435,0.9517241379310345
21,32,415,415,400,430,0.9302325581395349
21,33,415,420,403,432,0.9328703703703703
21,34,415,417,403,429,0.9393939393939394
21,35,415,413,395,433,0.9122401847575058
21,36,415,415,400,430,0.9302325581395349
21,37,415,411,402,424,0.9481132075471698
21,38,415,410,399,426,0.9366197183098591
21,39,415,413,396,432,0.9166666666666666
21,40,415,419,402,432,0.9305555555555556
21,41,415,422,399,438,0.910958904109589
21,42,415,419,404,430,0.9395348837209302
21,43,415,424,404,435,0.9287356321839081
21,44,415,426,404,437,0.9244851258581236
21,45,415,427,410,432,0.9490740740740741
21,46,415,422,404,433,0.9330254041570438
21,47,415,417,398,434,0.9170506912442397
21,48,415,421,404,432,0.9351851851851852
21,49,415,419,405,429,0.9440559440559441
21,50,415,425,405,435,0.9310344827586207
22,23,421,415,402,434,0.9262672811059908
22,24,421,420,404,437,0.9244851258581236
22,25,421,425,405,441,0.9183673469387755
22,26,421,419,404,436,0.926605504587156
22,27,421,423,408,436,0.9357798165137615
22,28,421,426,409,438,0.9337899543378996
22,29,421,420,404,437,0.9244851258581236
22,30,421,433,416,438,0.9497716894977168
22,31,421,434,415,440,0.9431818181818182
22,32,421,415,399,437,0.9130434782608695
22,33,421,420,406,435,0.9333333333333333
22,34,421,417,401,437,0.9176201372997712
22,35,421,413,402,432,0.9305555555555556
22,36,421,415,403,433,0.930715935334873
22,37,421,411,400,432,0.9259259259259259
22,38,421,410,400,431,0.9280742459396751
22,39,421,413,402,432,0.9305555555555556
22,40,421,419,409,431,0.9489559164733179
22,41,421,422,403,440,0.9159090909090909
22,42,421,419,406,434,0.9354838709677419
22,43,421,424,415,430,0.9651162790697675
22,44,421,426,408,439,0.929384965831435
22,45,421,427,408,440,0.9272727272727272
22,46,421,422,407,436,0.9334862385321101
22,47,421,417,398,440,0.9045454545454545
22,48,421,421,405,437,0.9267734553775744
22,49,421,419,407,433,0.9399538106235565
22,50,421,425,407,439,0.9271070615034168
23,24,415,420,399,436,0.9151376146788991
23,25,415,425,407,433,0.9399538106235565
23,26,415,419,405,429,0.9440559440559441
23,27,415,423,408,430,0.9488372093023256
23,28,415,426,401,440,0.9113636363636364
23,29,415,420,400,435,0.9195402298850575
23,30,415,433,413,435,0.9494252873563218
23,31,415,434,410,439,0.9339407744874715
23,32,415,415,399,431,0.925754060324826
23,33,415,420,406,429,0.9463869463869464
23,34,415,417,400,432,0.9259259259259259
23,35,415,413,399,429,0.9300699300699301
23,36,415,415,401,429,0.9347319347319347
23,37,415,411,394,432,0.9120370370370371
23,38,415,410,397,428,0.927570093457944
23,39,415,413,397,431,0.9211136890951276
23,40,415,419,403,431,0.9350348027842227
23,41,415,422,400,437,0.9153318077803204
23,42,415,419,401,433,0.9260969976905312
23,43,415,424,405,434,0.9331797235023042
23,44,415,426,403,438,0.9200913242009132
23,45,415,427,410,432,0.9490740740740741
23,46,415,422,402,435,0.9241379310344827
23,47,415,417,398,434,0.9170506912442397
23,48,415,421,411,425,0.9670588235294117
23,49,415,419,405,429,0.9440559440559441
23,50,415,425,403,437,0.9221967963386728
24,25,420,425,405,440,0.9204545454545454
24,26,420,419,408,431,0.9466357308584686
24,27,420,423,401,442,0.9072398190045249
24,28,420,426,410,436,0.9403669724770642
24,29,420,420,406,434,0.9354838709677419
24,30,420,433,414,439,0.9430523917995444
24,31,420,434,415,439,0.9453302961275627
24,32,420,415,402,433,0.9284064665127021
24,33,420,420,405,435,0.9310344827586207
24,34,420,417,403,434,0.9285714285714286
24,35,420,413,398,435,0.9149425287356322
24,36,420,415,399,436,0.9151376146788991
24,37,420,411,400,431,0.9280742459396751
24,38,420,410,396,434,0.9124423963133641
24,39,420,413,397,436,0.9105504587155964
24,40,420,419,404,435,0.9287356321839081
24,41,420,422,401,441,0.909297052154195
24,42,420,419,400,439,0.9111617312072893
24,43,420,424,403,441,0.9138321995464853
24,44,420,426,407,439,0.9271070615034168
24,45,420,427,411,436,0.9426605504587156
24,46,420,422,407,435,0.9356321839080459
24,47,420,417,397,440,0.9022727272727272
24,48,420,421,403,438,0.9200913242009132
24,49,420,419,407,432,0.9421296296296297
24,50,420,425,408,437,0.9336384439359268
25,26,425,419,406,438,0.9269406392694064
25,27,425,423,413,435,0.9494252873563218
25,28,425,426,406,445,0.9123595505617977
25,29,425,420,405,440,0.9204545454545454
25,30,425,433,419,439,0.9544419134396356
25,31,425,434,418,441,0.9478458049886621
25,32,425,415,402,438,0.9178082191780822
25,33,425,420,408,437,0.9336384439359268
25,34,425,417,406,436,0.9311926605504587
25,35,425,413,402,436,0.9220183486238532
25,36,425,415,404,436,0.926605504587156
25,37,425,411,399,437,0.9130434782608695
25,38,425,410,403,432,0.9328703703703703
25,39,425,413,402,436,0.9220183486238532
25,40,425,419,409,435,0.9402298850574713
25,41,425,422,407,440,0.925
25,42,425,419,407,437,0.931350114416476
25,43,425,424,408,441,0.9251700680272109
25,44,425,426,412,439,0.9384965831435079
25,45,425,427,413,439,0.9407744874715261
25,46,425,422,409,438,0.9337899543378996
25,47,425,417,406,436,0.9311926605504587
25,48,425,421,411,435,0.9448275862068966
25,49,425,419,405,439,0.9225512528473804
25,50,425,425,405,445,0.9101123595505618
26,27,419,423,408,434,0.9400921658986175
26,28,419,426,409,436,0.9380733944954128
26,29,419,420,405,434,0.9331797235023042
26,30,419,433,415,437,0.9496567505720824
26,31,419,434,418,435,0.960919540229885
26,32,419,415,403,431,0.9350348027842227
26,33,419,420,411,428,0.9602803738317757
26,34,419,417,406,430,0.9441860465116279
26,35,419,413,405,427,0.9484777517564403
26,36,419,415,403,431,0.9350348027842227
26,37,419,411,401,429,0.9347319347319347
26,38,419,410,399,430,0.9279069767441861
26,39,419,413,400,432,0.9259259259259259
26,40,419,419,405,433,0.9353348729792148
26,41,419,422,405,436,0.9288990825688074
26,42,419,419,403,435,0.9264367816091954
26,43,419,424,408,435,0.9379310344827586
26,44,419,426,411,434,0.9470046082949308
26,45,419,427,415,431,0.962877030162413
26,46,419,422,410,431,0.951276102088167
26,47,419,417,399,437,0.9130434782608695
26,48,419,421,407,433,0.9399538106235565
26,49,419,419,405,433,0.9353348729792148
26,50,419,425,406,438,0.9269406392694064
27,28,423,426,407,442,0.920814479638009
27,29,423,420,406,437,0.9290617848970252
27,30,423,433,418,438,0.954337899543379
27,31,423,434,417,440,0.9477272727272728
27,32,423,415,401,437,0.9176201372997712
27,33,423,420,412,431,0.9559164733178654
27,34,423,417,408,432,0.9444444444444444
27,35,423,413,406,430,0.9441860465116279
27,36,423,415,409,429,0.9533799533799534
27,37,423,411,399,435,0.9172413793103448
27,38,423,410,402,431,0.9327146171693735
27,39,423,413,404,432,0.9351851851851852
27,40,423,419,410,432,0.9490740740740741
27,41,423,422,407,438,0.9292237442922374
27,42,423,419,408,434,0.9400921658986175
27,43,423,424,414,433,0.9561200923787528
27,44,423,426,414,435,0.9517241379310345
27,45,423,427,410,440,0.9318181818181818
27,46,423,422,409,436,0.9380733944954128
27,47,423,417,404,436,0.926605504587156
27,48,423,421,413,431,0.9582366589327146
27,49,423,419,408,434,0.9400921658986175
27,50,423,425,407,441,0.9229024943310657
28,29,426,420,407,439,0.9271070615034168
28,30,426,433,415,444,0.9346846846846847
28,31,426,434,418,442,0.9457013574660633
28,32,426,415,405,436,0.9288990825688074
28,33,426,420,409,437,0.9359267734553776
28,34,426,417,408,435,0.9379310344827586
28,35,426,413,403,436,0.9243119266055045
28,36,426,415,402,439,0.9157175398633257
28,37,426,411,402,435,0.9241379310344827
28,38,426,410,403,433,0.930715935334873
28,39,426,413,405,434,0.9331797235023042
28,40,426,419,406,439,0.9248291571753986
28,41,426,422,409,439,0.9316628701594533
28,42,426,419,403,442,0.9117647058823529
28,43,426,424,407,443,0.9187358916478555
28,44,426,426,411,441,0.9319727891156463
28,45,426,427,414,439,0.9430523917995444
28,46,426,422,410,438,0.9360730593607306
28,47,426,417,404,439,0.9202733485193622
28,48,426,421,406,441,0.9206349206349206
28,49,426,419,408,437,0.9336384439359268
28,50,426,425,416,435,0.9563218390804598
29,30,420,433,417,436,0.9564220183486238
29,31,420,434,416,438,0.9497716894977168
29,32,420,415,403,432,0.9328703703703703
29,33,420,420,407,433,0.9399538106235565
29,34,420,417,406,431,0.9419953596287703
29,35,420,413,403,430,0.9372093023255814
29,36,420,415,403,432,0.9328703703703703
29,37,420,411,396,435,0.9103448275862069
29,38,420,410,395,435,0.9080459770114943
29,39,420,413,399,434,0.9193548387096774
29,40,420,419,406,433,0.9376443418013857
29,41,420,422,404,438,0.9223744292237442
29,42,420,419,400,439,0.9111617312072893
29,43,420,424,407,437,0.931350114416476
29,44,420,426,410,436,0.9403669724770642
29,45,420,427,410,437,0.9382151029748284
29,46,420,422,408,434,0.9400921658986175
29,47,420,417,402,435,0.9241379310344827
29,48,420,421,406,435,0.9333333333333333
29,49,420,419,402,437,0.919908466819222
29,50,420,425,405,440,0.9204545454545454
30,31,433,434,426,441,0.9659863945578231
30,32,433,415,412,436,0.944954128440367
30,33,433,420,417,436,0.9564220183486238
30,34,433,417,413,437,0.9450800915331807
30,35,433,413,411,435,0.9448275862068966
30,36,433,415,411,437,0.9405034324942791
30,37,433,411,407,437,0.931350114416476
30,38,433,410,407,436,0.9334862385321101
30,39,433,413,410,436,0.9403669724770642
30,40,433,419,418,434,0.9631336405529954
30,41,433,422,414,441,0.9387755102040817
30,42,433,419,411,441,0.9319727891156463
30,43,433,424,418,439,0.9521640091116174
30,44,433,426,421,438,0.9611872146118722
30,45,433,427,420,440,0.9545454545454546
30,46,433,422,417,438,0.952054794520548
30,47,433,417,410,440,0.9318181818181818
30,48,433,421,417,437,0.954233409610984
30,49,433,419,412,440,0.9363636363636364
30,50,433,425,414,444,0.9324324324324325
31,32,434,415,412,437,0.9427917620137299
31,33,434,420,417,437,0.954233409610984
31,34,434,417,414,437,0.9473684210526315
31,35,434,413,410,437,0.9382151029748284
31,36,434,415,413,436,0.9472477064220184
31,37,434,411,408,437,0.9336384439359268
31,38,434,410,407,437,0.931350114416476
31,39,434,413,410,437,0.9382151029748284
31,40,434,419,417,436,0.9564220183486238
31,41,434,422,416,440,0.9454545454545454
31,42,434,419,412,441,0.9342403628117913
31,43,434,424,418,440,0.95
31,44,434,426,421,439,0.958997722095672
31,45,434,427,422,439,0.9612756264236902
31,46,434,422,419,437,0.9588100686498856
31,47,434,417,410,441,0.9297052154195011
31,48,434,421,416,439,0.9476082004555809
31,49,434,419,414,439,0.9430523917995444
31,50,434,425,415,444,0.9346846846846847
32,33,415,420,405,430,0.9418604651162791
32,34,415,417,404,428,0.9439252336448598
32,35,415,413,397,431,0.9211136890951276
32,36,415,415,400,430,0.9302325581395349
32,37,415,411,397,429,0.9254079254079254
32,38,415,410,395,430,0.9186046511627907
32,39,415,413,400,428,0.9345794392523364
32,40,415,419,405,429,0.9440559440559441
32,41,415,422,402,435,0.9241379310344827
32,42,415,419,402,432,0.9305555555555556
32,43,415,424,402,437,0.919908466819222
32,44,415,426,405,436,0.9288990825688074
32,45,415,427,408,434,0.9400921658986175
32,46,415,422,404,433,0.9330254041570438
32,47,415,417,403,429,0.9393939393939394
32,48,415,421,403,433,0.930715935334873
32,49,415,419,400,434,0.9216589861751152
32,50,415,425,404,436,0.926605504587156
33,34,420,417,406,431,0.9419953596287703
33,35,420,413,404,429,0.9417249417249417
33,36,420,415,405,430,0.9418604651162791
33,37,420,411,401,430,0.9325581395348838
33,38,420,410,400,430,0.9302325581395349
33,39,420,413,404,429,0.9417249417249417
33,40,420,419,409,430,0.9511627906976744
33,41,420,422,408,434,0.9400921658986175
33,42,420,419,406,433,0.9376443418013857
33,43,420,424,411,433,0.9491916859122402
33,44,420,426,413,433,0.953810623556582
33,45,420,427,414,433,0.9561200923787528
33,46,420,422,408,434,0.9400921658986175
33,47,420,417,400,437,0.9153318077803204
33,48,420,421,411,430,0.9558139534883721
33,49,420,419,408,431,0.9466357308584686
33,50,420,425,408,437,0.9336384439359268
34,35,417,413,402,428,0.9392523364485982
34,36,417,415,405,427,0.9484777517564403
34,37,417,411,397,431,0.9211136890951276
34,38,417,410,400,427,0.936768149882904
34,39,417,413,403,427,0.9437939110070258
34,40,417,419,407,429,0.9487179487179487
34,41,417,422,407,432,0.9421296296296297
34,42,417,419,408,428,0.9532710280373832
34,43,417,424,406,435,0.9333333333333333
34,44,417,426,411,432,0.9513888888888888
34,45,417,427,408,436,0.9357798165137615
34,46,417,422,407,432,0.9421296296296297
34,47,417,417,404,430,0.9395348837209302
34,48,417,421,406,432,0.9398148148148148
34,49,417,419,402,434,0.9262672811059908
34,50,417,425,408,434,0.9400921658986175
35,36,413,415,400,428,0.9345794392523364
35,37,413,411,395,429,0.9207459207459208
35,38,413,410,395,428,0.9228971962616822
35,39,413,413,399,427,0.9344262295081968
35,40,413,419,406,426,0.9530516431924883
35,41,413,422,401,434,0.923963133640553
35,42,413,419,400,432,0.9259259259259259
35,43,413,424,406,431,0.9419953596287703
35,44,413,426,407,432,0.9421296296296297
35,45,413,427,407,433,0.9399538106235565
35,46,413,422,406,429,0.9463869463869464
35,47,413,417,396,434,0.9124423963133641
35,48,413,421,399,435,0.9172413793103448
35,49,413,419,399,433,0.9214780600461894
35,50,413,425,400,438,0.91324200913242
36,37,415,411,395,431,0.9164733178654292
36,38,415,410,394,431,0.91415313225058
36,39,415,413,398,430,0.9255813953488372
36,40,415,419,406,428,0.9485981308411215
36,41,415,422,401,436,0.9197247706422018
36,42,415,419,403,431,0.9350348027842227
36,43,415,424,406,433,0.9376443418013857
36,44,415,426,406,435,0.9333333333333333
36,45,415,427,408,434,0.9400921658986175
36,46,415,422,404,433,0.9330254041570438
36,47,415,417,399,433,0.9214780600461894
36,48,415,421,406,430,0.9441860465116279
36,49,415,419,403,431,0.9350348027842227
36,50,415,425,403,437,0.9221967963386728
37,38,411,410,392,429,0.9137529137529138
37,39,411,413,394,430,0.9162790697674419
37,40,411,419,399,431,0.925754060324826
37,41,411,422,395,438,0.9018264840182648
37,42,411,419,399,431,0.925754060324826
37,43,411,424,402,433,0.9284064665127021
37,44,411,426,400,437,0.9153318077803204
37,45,411,427,404,434,0.9308755760368663
37,46,411,422,401,432,0.9282407407407407
37,47,411,417,390,438,0.8904109589041096
37,48,411,421,396,436,0.908256880733945
37,49,411,419,399,431,0.925754060324826
37,50,411,425,404,432,0.9351851851851852
38,39,410,413,398,425,0.9364705882352942
38,40,410,419,400,429,0.9324009324009324
38,41,410,422,397,435,0.9126436781609195
38,42,410,419,400,429,0.9324009324009324
38,43,410,424,402,432,0.9305555555555556
38,44,410,426,402,434,0.9262672811059908
38,45,410,427,403,434,0.9285714285714286
38,46,410,422,399,433,0.9214780600461894
38,47,410,417,395,432,0.9143518518518519
38,48,410,421,400,431,0.9280742459396751
38,49,410,419,397,432,0.9189814814814815
38,50,410,425,399,436,0.9151376146788991
39,40,413,419,407,425,0.9576470588235294
39,41,413,422,404,431,0.9373549883990719
39,42,413,419,405,427,0.9484777517564403
39,43,413,424,403,434,0.9285714285714286
39,44,413,426,406,433,0.9376443418013857
39,45,413,427,405,435,0.9310344827586207
39,46,413,422,403,432,0.9328703703703703
39,47,413,417,399,431,0.925754060324826
39,48,413,421,402,432,0.9305555555555556
39,49,413,419,399,433,0.9214780600461894
39,50,413,425,404,434,0.9308755760368663
40,41,419,422,408,433,0.9422632794457275
40,42,419,419,408,430,0.9488372093023256
40,43,419,424,412,431,0.9559164733178654
40,44,419,426,411,434,0.9470046082949308
40,45,419,427,412,434,0.9493087557603687
40,46,419,422,410,431,0.951276102088167
40,47,419,417,403,433,0.930715935334873
40,48,419,421,406,434,0.9354838709677419
40,49,419,419,405,433,0.9353348729792148
40,50,419,425,406,438,0.9269406392694064
41,42,422,419,405,436,0.9288990825688074
41,43,422,424,407,439,0.9271070615034168
41,44,422,426,412,436,0.944954128440367
41,45,422,427,410,439,0.9339407744874715
41,46,422,422,407,437,0.931350114416476
41,47,422,417,403,436,0.9243119266055045
41,48,422,421,404,439,0.9202733485193622
41,49,422,419,402,439,0.9157175398633257
41,50,422,425,408,439,0.929384965831435
42,43,419,424,411,432,0.9513888888888888
42,44,419,426,407,438,0.9292237442922374
42,45,419,427,408,438,0.9315068493150684
42,46,419,422,404,437,0.9244851258581236
42,47,419,417,402,434,0.9262672811059908
42,48,419,421,405,435,0.9310344827586207
42,49,419,419,405,433,0.9353348729792148
42,50,419,425,408,436,0.9357798165137615
43,44,424,426,412,438,0.9406392694063926
43,45,424,427,411,440,0.9340909090909091
43,46,424,422,411,435,0.9448275862068966
43,47,424,417,402,439,0.9157175398633257
43,48,424,421,408,437,0.9336384439359268
43,49,424,419,408,435,0.9379310344827586
43,50,424,425,407,442,0.920814479638009
44,45,426,427,413,440,0.9386363636363636
44,46,426,422,415,433,0.9584295612009238
44,47,426,417,405,438,0.9246575342465754
44,48,426,421,410,437,0.9382151029748284
44,49,426,419,405,440,0.9204545454545454
44,50,426,425,410,441,0.9297052154195011
45,46,427,422,414,435,0.9517241379310345
45,47,427,417,407,437,0.931350114416476
45,48,427,421,412,436,0.944954128440367
45,49,427,419,410,436,0.9403669724770642
45,50,427,425,411,441,0.9319727891156463
46,47,422,417,403,436,0.9243119266055045
46,48,422,421,406,437,0.9290617848970252
46,49,422,419,406,435,0.9333333333333333
46,50,422,425,405,442,0.916289592760181
47,48,417,421,402,436,0.9220183486238532
47,49,417,419,399,437,0.9130434782608695
47,50,417,425,404,438,0.9223744292237442
48,49,421,419,408,432,0.9444444444444444
48,50,421,425,407,439,0.9271070615034168
49,50,419,425,407,437,0.931350114416476
