gene,cluster_id,level_1,level_2,level_3,level_4,max_level,is_core,mean_log2fc,mean_log2fc_sig,direction
ACTL6B,4,True,True,True,True,4,True,-0.2379465493189672,-0.5014298500035088,down
APBA2,4,True,True,True,True,4,True,-0.1120479988772356,-0.26454672328367046,down
ATP1A1,11,True,True,True,True,4,True,-0.309459256297103,-0.666187516996307,down
ATP2B2,11,True,True,True,True,4,True,-0.16134065081453564,-0.5319375559185726,down
DPP10,11,True,True,True,True,4,True,-0.24350988825275235,-0.5481711969525933,down
EFR3A,2,True,True,True,True,4,True,0.16132101914295896,0.16132101914295896,up
GABRG2,11,True,True,True,True,4,True,-0.16936471500584074,-0.6719486830945205,down
ICA1,4,True,True,True,True,4,True,-0.11350185608173557,-0.5120255051646354,down
ITPR1,11,True,True,True,True,4,True,-0.2830043346949604,-0.7561466547870586,down
KIAA0232,6,True,True,True,True,4,True,0.12094080695335278,-0.2304060879950165,down
PPP3CA,11,True,True,True,True,4,True,-0.011051797295164553,-0.5174357198741291,down
SLC12A5,11,True,True,True,True,4,True,0.017919026513596375,-0.45088520377105556,down
SLC25A12,4,True,True,True,True,4,True,-0.13393152641041764,-0.6633811431832073,down
SNX14,6,True,True,True,True,4,True,0.1657591540444742,-0.27415390903181835,down
SLC25A27,4,True,True,True,True,4,True,-0.20903003126377762,-0.4710183189153154,down
UNC80,6,True,True,True,True,4,True,-0.07174017089276763,-0.07174017089276763,down
ZFHX3,1,True,True,True,True,4,True,0.5823425239793588,0.46433465007810604,up
ADCY1,2,True,False,True,True,4,False,0.1251204430769981,0.1251204430769981,up
ADSS2,11,True,False,True,True,4,False,0.005155545364091611,-0.4350261428739599,down
ANK3,9,True,False,True,True,4,False,0.18080234198995923,-0.2534278740667322,down
ARHGAP30,1,True,False,True,True,4,False,0.7176410910413441,1.0368275628370163,up
ATP2B1,7,True,False,True,True,4,False,0.08053932477449462,0.1786277385912287,up
CADPS2,11,True,False,True,True,4,False,-0.32034674119615286,-0.9564520062909203,down
CUL3,10,True,False,True,True,4,False,-0.06699927344390814,-0.2762910341249376,down
DEPDC5,10,True,True,True,True,4,False,0.018321273074113797,-0.21183136998837515,down
DHX30,6,True,False,True,True,4,False,0.07483354985482471,-0.2210226790205434,down
DYNC1H1,9,True,False,True,True,4,False,0.09165506928664276,-0.2103163287294718,down
FRG1,10,True,False,True,True,4,False,0.11182226023731283,-0.27429130663415946,down
HECTD1,6,True,False,True,True,4,False,0.2427982350045997,-0.22948509902573955,down
HECW2,7,True,False,True,True,4,False,0.26599785259539094,0.3723386309309076,up
HLA-DRB1,1,True,False,True,True,4,False,1.4183973023845746,1.4183973023845746,up
LHX2,3,True,True,True,True,4,False,0.6756608768470093,0.6756608768470093,up
MCM4,10,True,False,True,True,4,False,-0.09173288156995785,-0.36614675426023746,down
NBEA,5,True,False,True,True,4,False,-0.14304614647817124,-0.3734515268305998,down
NEGR1,5,True,False,True,True,4,False,-0.3779446907379252,-0.6160962730713222,down
PAK1,5,True,False,True,True,4,False,-0.22122237714781492,-0.6600264555656521,down
PCDHAC2,11,True,False,True,True,4,False,-0.2650860415759239,-0.4803813385213447,down
PREX1,1,True,False,True,True,4,False,0.42303525260844044,0.48921834532653596,up
PRKD1,3,True,False,True,True,4,False,0.6427957893086381,0.6427957893086381,up
QRICH1,9,True,True,True,True,4,False,0.033018744514012134,-0.18021878844793626,down
RAB11FIP5,10,True,False,True,True,4,False,0.07171447548958139,-0.2621419542708656,down
RBFOX1,1,True,False,True,True,4,False,-0.4105691511330513,-0.4695665470493915,down
SAE1,7,True,False,True,True,4,False,0.32608500842389443,0.5325371173505853,up
SNAP25,5,True,True,True,True,4,False,-0.145858356474332,-0.45084993522007544,down
SYP,5,True,False,True,True,4,False,-0.2033797626688537,-0.5950951509501436,down
TRPC5,9,True,False,True,True,4,False,-0.0809099697676648,-0.19288745463515067,down
UNC79,9,True,False,True,True,4,False,0.030536981769329802,-0.254808379724353,down
WASF1,5,True,False,True,True,4,False,-0.20681489841482717,-0.394757772228278,down
WDR37,2,True,False,True,True,4,False,0.2616006554213793,0.2616006554213793,up
XRCC6,6,True,False,True,True,4,False,-0.03821305923165911,-0.24911262713176097,down
ZMIZ1,1,True,False,True,True,4,False,0.47566464304096395,0.3520887188261028,up
ZNF462,1,True,False,True,True,4,False,0.7238281223627873,0.9947106848134113,up
DPP6,0,True,True,True,False,3,True,0.23966841046619317,-0.27279660069580647,down
ELP2,6,True,True,True,False,3,True,0.12966669354886987,-0.21051765460117,down
FBXO33,2,True,True,True,False,3,True,0.23384481872175833,0.23384481872175833,up
LIN7B,0,True,True,True,False,3,True,-0.08337552770471879,-0.28228999812807953,down
NAV2,1,True,True,True,False,3,True,0.5525778612018929,0.37688027800836776,up
NPAS3,1,True,True,True,False,3,True,0.43596387126978325,0.3087010008871882,up
NPTN,0,True,True,True,False,3,True,-0.07054808201313634,-0.38653632378325753,down
RGS7,0,True,True,True,False,3,True,-0.014085711183797459,-0.42191076724476995,down
RPH3A,0,True,True,True,False,3,True,-0.26034159646507266,-0.5439118108855281,down
SLC45A1,2,True,True,True,False,3,True,-0.04806255805905598,-0.04806255805905598,down
SRGAP3,0,True,True,True,False,3,True,0.14696782491417792,-0.2433601742610847,down
TBR1,1,True,True,True,False,3,True,-0.5721419345747147,-0.7956906570939317,down
CACNG2,0,True,False,True,False,3,False,-0.021730617368090382,-0.36115414093439346,down
CDH10,7,True,False,True,False,3,False,0.17174896407136112,0.248512363815375,up
CLTC,0,True,False,True,False,3,False,-0.14129693987880346,-0.3731989740832713,down
CNTN6,0,True,False,True,False,3,False,-0.2238467247596582,-0.3724360987622144,down
CTPS1,7,True,False,True,False,3,False,0.1462826082071403,0.27291322549473884,up
CUL2,2,True,False,True,False,3,False,0.23430157714893132,0.23430157714893132,up
DMXL2,0,True,False,True,False,3,False,0.003974021904117109,-0.4225501432809802,down
DNM1,5,True,False,True,False,3,False,-0.19056527219691333,-0.4958643812512271,down
DPYSL3,3,True,False,True,False,3,False,0.8338988347579891,0.8338988347579891,up
EPC2,8,True,False,True,False,3,False,0.05122026419323067,0.06183782642381841,up
EXOC3,6,True,False,True,False,3,False,0.0931959300119362,-0.17037548125267588,down
FBXO40,6,True,False,True,False,3,False,-0.3907390015059853,-0.3907390015059853,down
FLNA,1,True,False,True,False,3,False,0.4318077542616188,0.5892164472946728,up
FRMPD4,5,True,False,True,False,3,False,-0.19705374264671752,-0.548772220230076,down
G3BP2,5,True,False,True,False,3,False,-0.1354104415756797,-0.5222086482057642,down
H2BC11,3,True,False,True,False,3,False,0.5530304561954079,0.5530304561954079,up
H4C11,6,True,False,True,False,3,False,-0.14154926625442465,-0.14154926625442465,down
HNRNPUL2,8,True,False,True,False,3,False,-0.02433321221257234,-0.08437025455591973,down
KATNAL1,7,True,False,True,False,3,False,0.27170257823411365,0.44939570900501646,up
LAMB1,0,True,False,True,False,3,False,0.0055945824584933135,-0.3327719282663901,down
LRRC4,6,True,False,True,False,3,False,-0.14365602139187317,-0.14365602139187317,down
MBD1,8,True,False,True,False,3,False,-0.0072565366944286796,0.019335370105735272,up
MDGA2,0,True,False,True,False,3,False,-0.011369755449441262,-0.30687220222562406,down
MEF2C,8,True,False,True,False,3,False,0.04670906427791325,0.08199209335981816,up
MYCBP2,7,True,False,True,False,3,False,0.25624972466005974,0.44544530776573055,up
NUP133,6,True,False,True,False,3,False,0.22083357557506625,-0.21162504613130828,down
PABPC1,1,True,False,True,False,3,False,0.5171121141134218,0.2621102598637126,up
PHF21A,1,True,False,True,False,3,False,0.46339885520926344,0.20280994493016946,up
PPP2R5D,6,True,False,True,False,3,False,0.09538188562029444,-0.2419322271741744,down
PRR14L,1,True,False,True,False,3,False,0.5380010509474809,0.5380010509474809,up
PTGS2,1,True,False,True,False,3,False,0.8374874833411218,1.0189570266401269,up
SATB1,1,True,False,True,False,3,False,-0.22201517625095177,-0.2849742433662259,down
STXBP1,0,True,False,True,False,3,False,-0.054501764774049256,-0.4783913175200789,down
SYT17,1,True,False,True,False,3,False,0.5157138534598303,0.31836742665255846,up
TOP2B,6,True,False,True,False,3,False,0.10457010337975643,-0.23364364206766108,down
TRIM23,5,True,False,True,False,3,False,-0.06910662249335105,-0.4412579604584672,down
TRRAP,1,True,False,True,False,3,False,0.48725673557771526,0.7221770524787523,up
U2AF2,1,True,False,True,False,3,False,0.3659073579306333,0.16938936442731745,up
ADA,3,True,False,False,False,1,False,0.7633016109554941,0.7633016109554941,up
CADM1,1,True,False,False,False,1,False,0.5466440245457193,0.8102036299568338,up
CDH11,1,True,False,False,False,1,False,0.49781015533200473,0.728910935714032,up
CDK5RAP2,1,True,False,False,False,1,False,0.5936840619798028,0.79735743174919,up
CNOT3,7,True,False,False,False,1,False,0.2585722477159666,0.22444259320872462,up
DENR,7,True,False,False,False,1,False,0.2280093754293985,0.29903231356396986,up
DLL1,1,True,False,False,False,1,False,0.6323672442999677,0.8569569092922602,up
EN2,1,True,False,False,False,1,False,0.32790823643214795,0.32790823643214795,up
FAT1,1,True,False,False,False,1,False,0.47049417870121363,0.5577486945845478,up
FBXO11,7,True,False,False,False,1,False,0.2300790495185915,0.35952244794775856,up
FEZF2,8,True,False,False,False,1,False,0.023624373889095256,0.05352757495433247,up
GATM,1,True,False,False,False,1,False,0.4189846507312784,0.24171005728505657,up
GPC4,1,True,False,False,False,1,False,0.5212890739605375,0.756039860320117,up
HMGN1,1,True,False,False,False,1,False,0.5288509043704185,0.7401684070748575,up
KANK1,1,True,False,False,False,1,False,0.40341050428446995,0.29654755780338604,up
KDM1A,8,True,False,False,False,1,False,0.3149609594140446,-0.12385291917753749,down
MYH9,3,True,False,False,False,1,False,0.7759351317322688,0.7759351317322688,up
NFE2L3,1,True,False,False,False,1,False,0.6969255044582612,0.6969255044582612,up
NIPA2,8,True,False,False,False,1,False,0.13748023923650296,-0.20801489058458555,down
PCDHA11,8,True,False,False,False,1,False,0.06297681012386036,0.07196026300397218,up
PER2,7,True,False,False,False,1,False,0.47612487380926566,0.615199687014365,up
PLAA,8,True,False,False,False,1,False,-0.020129406382041637,-0.05632888907763034,down
PHB1,1,True,False,False,False,1,False,0.4019454845604932,0.5689642954778886,up
PRKCB,7,True,False,False,False,1,False,0.2006200620551611,0.3855092920122267,up
PTPN4,0,True,False,False,False,1,False,-0.0025047462759264505,-0.34905979522494146,down
SIK1,1,True,False,False,False,1,False,0.9811114121175042,0.9811114121175042,up
STK39,2,True,False,False,False,1,False,0.3322939932014292,0.3322939932014292,up
SUPT16H,2,True,False,False,False,1,False,0.26395950877841184,0.26395950877841184,up
TSC1,7,True,False,False,False,1,False,0.2886843410242692,0.46063700442744615,up
TSPAN7,7,True,False,False,False,1,False,0.292163180612054,0.45454881625462074,up
UBR3,0,True,False,False,False,1,False,-0.08220093123339822,-0.25355722660648095,down
YWHAG,7,True,False,False,False,1,False,0.17952461401792932,0.32635157677048277,up
ZBTB20,1,True,False,False,False,1,False,0.5962140804464783,0.7762906699107432,up
CADPS,-1,False,False,False,False,0,False,-0.1900307582989651,-0.5017736859645092,down
NR3C2,-1,False,False,False,False,0,False,0.03757899306343878,-0.30808432996589197,down
PRPF19,-1,False,False,False,False,0,False,-0.10564300803958915,-0.36035083625773057,down
SEZ6L2,-1,False,False,False,False,0,False,-0.2735071993985774,-0.4820854248276607,down
SPTAN1,-1,False,False,False,False,0,False,-0.08854810282657806,-0.2673299754410561,down
ZNF385B,-1,False,False,False,False,0,False,-0.04233008717273575,-0.3557294702805427,down
